Photoanode,PA_Fabrication_Process,Counter_Electrode,CE_Fabrication_Process,Modification_Type,Value_Mod,Dye,Electrolyte,VOC_(V),JSC_(mA/cm2),FF,PCE_(percent),Ref.,Table
TiO2,dip coated,Pt,sputtered,,,N719,I2-based,0.77,9.21,0.66,4.65,[108],8
TiO2,spin coated,Pt,sputtered,,,N719,I2-based,0.73,10.65,0.66,5.09,[109],8
TiO2,doctor bladed,Pt,doctor bladed,,,N719,I2-based,0.72,14.03,0.65,6.49,[110],8
TiO2,doctor bladed,Pt,drop casted,,,N719,I2-based,0.74,19.98,0.47,7.0,[111],8
TiO2,screen printed,Pt,drop casted,,,N719,I2-based,0.74,14.41,0.67,7.09,[112],8
TiO2,screen printed,Pt,spin coated,,,N719,I2-based,0.74,14.41,0.67,7.09,[112],8
TiO2,doctor bladed,Pt,doctor bladed,,,N719,I2-based,0.71,14.78,0.69,7.39,[113],8
TiO2,spin coated,Pt,spin coated,,,N719,I2-based,0.77,14.92,0.65,7.49,[114],8
TiO2,screen printed,Pt,spin coated,,,N719,I2-based,0.73,14.9,0.69,7.54,[115],8
TiO2,doctor bladed,Pt,doctor blade,,,N719,I2-based,0.77,16.11,0.61,7.6,[116],8
TiO2,doctor bladed,Pt,sputtered,,,N719,I2-based,0.75,17.09,0.6,7.62,[117],8
TiO2,doctor bladed,Pt,spin coated,,,N719,I2-based,0.73,15.0,0.72,7.88,[118],8
TiO2,screen printed,Pt,spin coated,,,N719,I2-based,0.78,16.48,0.63,8.03,[119],8
TiO2,doctor bladed,Pt,drop casted,,,N719,I2-based,0.75,19.11,0.53,8.32,[120],8
TiO2,dip coated,CoS2 embedded carbon nanocages,spin coated,Sulfurizing time,1 h,N719,I2-based,0.76,12.1,0.64,5.87,[118],9
TiO2,dip coated,CoS2 embedded carbon nanocages,spin coated,Sulfurizing time,2 h,N719,I2-based,0.74,15.6,0.67,7.77,[118],9
TiO2,dip coated,CoS2 embedded carbon nanocages,spin coated,Sulfurizing time,4 h,N719,I2-based,0.73,16.9,0.66,8.2,[118],9
TiO2,dip coated,CoS2 embedded carbon nanocages,spin coated,Sulfurizing time,8 h,N719,I2-based,0.75,12.8,0.71,6.78,[118],9
TiO2,dip coated,edge-selenated graphene nanoplatelets,mechanochemical reaction,Electrolyte,"Co(2,2’-bipyridine)32+/3+",SM315,"Co(2,2’-bipyridine)32+/3+",0.88,16.27,0.77,10.98,[134],9
TiO2,dip coated,edge-selenated graphene nanoplatelets,mechanochemical reaction,Electrolyte,I-/I3-,N719,I2-based,0.69,18.16,0.73,9.17,[134],9
TiO2,dip coated,reduced graphene oxide,doctor bladed,,,N719,I2-based,0.71,17.86,0.57,7.25,[135],9
TiO2,dip coated,reduced graphene oxide,doctor bladed,Modification,with single-walled CNT,N719,I2-based,0.71,20.73,0.63,9.24,[135],9
TiO2,dip coated,reduced graphene oxide,doctor bladed,Modification,with single-walled CNT and mirror,N719,I2-based,0.76,20.76,0.67,10.56,[135],9
TiO2,dip coated,N-doped ordered mesoporous carbon (NOMC),synthesis,,,N719,I2-based,0.76,14.3,0.61,6.59,[116],9
TiO2,dip coated,Ni encapsulated N-doped CNTs (Ni@NCNTs),synthesis,,,N719,I2-based,0.72,14.76,0.58,6.2,[116],9
TiO2,dip coated,Ni@NCNTs pinned on NOMC,synthesis,Melamine Mass,2 g,N719,I2-based,0.77,15.52,0.61,7.31,[116],9
TiO2,dip coated,Ni@NCNTs pinned on NOMC,synthesis,Melamine Mass,4 g,N719,I2-based,0.78,16.02,0.63,7.94,[116],9
TiO2,dip coated,Ni@NCNTs pinned on NOMC,synthesis,Melamine Mass,8 g,N719,I2-based,0.78,16.91,0.64,8.39,[116],9
TiO2,dip coated,Ni@NCNTs pinned on NOMC,synthesis,Melamine Mass,12 g,N719,I2-based,0.77,16.54,0.61,7.71,[116],9
TiO2,dip coated,ZIF-8 derived carbon,synthesis,Furnace temperature,800°C,N719,I2-based,0.75,12.91,0.5,5.01,[66],9
TiO2,dip coated,ZIF-8 derived carbon,synthesis,Furnace temperature,900°C,N719,I2-based,0.76,13.22,0.68,7.0,[66],9
TiO2,dip coated,ZIF-8 derived carbon,synthesis,Furnace temperature,1000°C,N719,I2-based,0.77,13.56,0.68,7.32,[66],9
TiO2,dip coated,ZIF-8 derived carbon,synthesis,Furnace temperature,1100°C,N719,I2-based,0.79,13.41,0.61,6.45,[66],9
TiO2,doctor bladed,PPy,two step electrodeposition,,,N719,I2-based,0.59,9.83,0.53,3.04,[136],9
TiO2,doctor bladed,PPy-functionalized MWCNTs,two step electrodeposition,,,N719,I2-based,0.78,10.27,0.68,5.49,[136],9
TiO2,doctor bladed,Cu-PPy-functionalized MWCNTs,two step electrodeposition,,,N719,I2-based,0.72,14.17,0.7,7.1,[136],9
TiO2,doctor bladed,Co2P,trip-growth process,,,N719,I2-based,0.75,14.12,0.61,6.44,[130],9
TiO2,doctor bladed,N-doped CNTs,trip-growth process,,,N719,I2-based,0.74,13.58,0.59,5.95,[130],9
TiO2,doctor bladed,Co embedded N-doped CNTs,trip-growth process,,,N719,I2-based,0.75,15.3,0.61,6.98,[130],9
TiO2,doctor bladed,Co2P embedded N-doped CNTs,trip-growth process,,,N719,I2-based,0.77,18.29,0.69,9.76,[130],9
TiO2,doctor bladed,Ni2P embedded N-doped CNTs,trip-growth process,,,N719,I2-based,0.77,17.91,0.67,9.21,[130],9
TiO2,dip coated,MWCNT/TiO2,dip coated,MWCNT wt%,2%,N3,Iodolyte Z-50,0.74,17.75,57.46,7.53,[137],9
TiO2,dip coated,MWCNT/TiO2,dip coated,MWCNT wt%,4%,N3,Iodolyte Z-50,0.74,20.81,56.49,8.81,[137],9
TiO2,dip coated,MWCNT/TiO2,dip coated,MWCNT wt%,6%,N3,Iodolyte Z-50,0.74,15.68,55.46,6.56,[137],9
TiO2,doctor bladed,CNT-polyisobutylene (PIB)-ED2003-PIB/PtNPs,ultrasonic oscillator,Ratio,"""100/1""",TiO2,I2-based,0.64,11.49,0.64,4.67,[138],9
TiO2,doctor bladed,CNT-polyisobutylene (PIB)-ED2003-PIB/PtNPs,ultrasonic oscillator,Ratio,"""10/1""",TiO2,I2-based,0.66,15.78,0.69,7.19,[138],9
TiO2,doctor bladed,CNT-polyisobutylene (PIB)-ED2003-PIB/PtNPs,ultrasonic oscillator,Ratio,"""5/1""",TiO2,I2-based,0.68,17.5,0.71,8.45,[138],9
TiO2,doctor bladed,NiCo­2S4­,doctor bladed,,,N719,I2-based,0.71,13.57,0.56,5.43,[113],9
TiO2,doctor bladed,N-doped CNTs,doctor bladed,,,N719,I2-based,0.72,12.83,0.4,3.74,[113],9
TiO2,doctor bladed,NiCo2S4 QD@N-doped CNTs,doctor bladed,,,N719,I2-based,0.72,15.34,0.69,7.65,[113],9
TiO2,doctor bladed,N-doped porous carbon coated CoSe NPs embedded on N-doped CNTs,doctor bladed,,,N719,I2-based,0.71,16.0,0.67,7.58,[139],9
TiO2,screen printed,N-doped CNT coated polyhedrons,spin coated,,,N719,I2-based,0.76,13.11,0.62,6.18,[119],9
TiO2,screen printed,N-doped graphitic carbon (NGC) coated polyhedrons,spin coated,,,N719,I2-based,0.75,12.01,0.65,5.82,[119],9
TiO2,screen printed,CoTe2 powder,spin coated,,,N719,I2-based,0.76,14.23,0.67,7.19,[119],9
TiO2,screen printed,CoTe2 embedded N-doped CNT polyhedrons,spin coated,,,N719,I2-based,0.79,17.89,0.64,9.02,[119],9
TiO2,screen printed,CoTe2 embedded NGC polyhedrons,spin coated,,,N719,I2-based,0.79,16.65,0.65,8.55,[119],9
TiO2,doctor bladed,Rh HO-functionalized MWCNTs,drop casted,,,N719,I2-based,0.7,21.12,0.46,6.7,[111],9
TiO2,doctor bladed,Rh HO-functionalized MWCNTs,drop casted,,,N719,I2-based,0.64,20.18,0.53,6.9,[111],9
TiO2,doctor bladed,Rh-decorated HO-functionalized MWCNTs,drop casted,,,N719,I2-based,0.69,27.29,0.58,11.0,[111],9
TiO2,dip coated,MoS2 nanosheet reduced graphene oxide/CNT aerogel,drop casted,,,N719,I2-based,0.74,18.14,0.6,8.01,[140],9
TiO2,doctor bladed,organic N-doped MWCNTs,doctor bladed,,,N719,I2-based,0.75,15.68,0.81,9.55,[141],9
TiO2,screen printed,Co embedded N-doped CNTs,spin coated,Furnace temperature,700°,N719,I2-based,0.72,15.44,0.71,7.92,[115],9
TiO2,screen printed,Co embedded N-doped CNTs,spin coated,Furnace temperature,800°,N719,I2-based,0.72,15.87,0.71,8.18,[115],9
TiO2,screen printed,Co embedded N-doped CNTs,spin coated,Furnace temperature,900°,N719,I2-based,0.73,14.04,0.71,7.22,[115],9
TiO2,doctor bladed,CuMnSnS4/CNT with flowerlike hierarchical structure, electrodepositing,CNT content,0.00 g,N719,I2-based,0.69,12.83,0.7,6.21,[142],9
TiO2,doctor bladed,CuMnSnS4/CNT with flowerlike hierarchical structure, electrodepositing,CNT content,0.01   g,N719,I2-based,0.71,13.63,0.71,6.84,[142],9
TiO2,doctor bladed,CuMnSnS4/CNT with flowerlike hierarchical structure, electrodepositing,CNT content,0.03 g,N719,I2-based,0.73,14.53,0.69,7.31,[142],9
TiO2,doctor bladed,CuMnSnS4/CNT with flowerlike hierarchical structure, electrodepositing,CNT content,0.05 g,N719,I2-based,0.75,16.53,0.72,8.97,[142],9
TiO2,doctor bladed,CuMnSnS4/CNT with flowerlike hierarchical structure, electrodepositing,CNT content,0.07 g,N719,I2-based,0.75,15.78,0.71,8.42,[142],9
TiO2,doctor bladed,CuMnSnS4/CNT with flowerlike hierarchical structure, electrodepositing,CNT content,0.09 g,N719,I2-based,0.75,15.34,0.61,7.04,[142],9
TiO2,doctor bladed,CNT/VS2 nanofiber,doctor bladed,CNT content,0.00 g,N719,I2-based,0.73,13.65,0.63,6.22,[110],9
TiO2,doctor bladed,CNT/VS2 nanofiber,doctor bladed,CNT content,0.01 g,N719,I2-based,0.72,13.37,0.63,6.05,[110],9
TiO2,doctor bladed,CNT/VS2 nanofiber,doctor bladed,CNT content,0.03 g,N719,I2-based,0.73,14.09,0.63,6.42,[110],9
TiO2,doctor bladed,CNT/VS2 nanofiber,doctor bladed,CNT content,0.05 g,N719,I2-based,0.76,15.57,0.68,8.02,[110],9
TiO2,doctor bladed,CNT/VS2 nanofiber,doctor bladed,CNT content,0.07 g,N719,I2-based,0.74,14.89,0.63,6.88,[110],9
TiO2,doctor bladed,CNT/VS2 nanofiber,doctor bladed,CNT content,0.09 g,N719,I2-based,0.73,14.58,0.62,6.63,[110],9
TiO2,spin coated,MoS2/MWCNT,spin coated,MWCNT content,0 mg,N719,I2-based,0.71,13.52,0.57,5.41,[114],9
TiO2,spin coated,MoS2/MWCNT,spin coated,MWCNT content,1.2 mg,N719,I2-based,0.73,14.93,0.57,6.16,[114],9
TiO2,spin coated,MoS2/MWCNT,spin coated,MWCNT content,3.6 mg,N719,I2-based,0.73,15.76,0.59,6.9,[114],9
TiO2,spin coated,MoS2/MWCNT,spin coated,MWCNT content,6.0 mg,N719,I2-based,0.74,16.71,0.61,7.5,[114],9
TiO2,spin coated,MoS2/MWCNT,spin coated,MWCNT content,8.4 mg,N719,I2-based,0.73,12.78,0.56,5.21,[114],9
TiO2,doctor bladed,MoWO4 with ZnO nanoflowers embedded on MWCNTs,sonication,MWCNT wt%,0.50%,N719,I2-based,0.79,11.27,0.6,7.25,[143],9
TiO2,doctor bladed,MoWO4 with ZnO nanoflowers embedded on MWCNTs,sonication,MWCNT wt%,1.00%,N719,I2-based,0.79,12.53,0.61,8.19,[143],9
TiO2,doctor bladed,MoWO4 with ZnO nanoflowers embedded on MWCNTs,sonication,MWCNT wt%,1.50%,N719,I2-based,0.78,19.16,0.66,9.96,[143],9
TiO2,doctor bladed,MoSe2-NiSe2 nanotubes embedded on CNTs,drop casted,,,N719,I2-based,0.76,19.64,0.55,8.78,[120],9
TiO2,doctor bladed,CoNi alloy NPs embedded on N-doped porous carbon,spin coated,,,N719,I2-based,0.81,15.43,0.71,8.85,[144],9
TiO2,screen printed,La0.9Ce0.1NiO3 (L)@ functionalized MWCNT-ZnSe-CoSe2 (F)@carbon black (CB),spin coated,L:F:CB mass ratio,1:04:01,N719,I2-based,0.75,15.42,0.6,6.97,[112],9
TiO2,screen printed,La0.9Ce0.1NiO3 (L)@ functionalized MWCNT-ZnSe-CoSe2 (F)@carbon black (CB),spin coated,L:F:CB mass ratio,1.5:3:1.5,N719,I2-based,0.75,16.22,0.61,7.49,[112],9
TiO2,screen printed,La0.9Ce0.1NiO3 (L)@ functionalized MWCNT-ZnSe-CoSe2 (F)@carbon black (CB),spin coated,L:F:CB mass ratio,2:02:02,N719,I2-based,0.76,15.78,0.56,6.73,[112],9
graphene nanoribbons/TiO3,dip coated,Pt/PtOx-sputtered FTO (Pt film thickness: 5 nm),sputtered,Carbonaceous content (wt%),0.005,N719,I2-based,0.75,12.17,0.69,6.23,[108],11
few layer graphene/TiO2,dip coated,Pt/PtOx-sputtered FTO (Pt film thickness: 5 nm),sputtered,Carbonaceous content (wt%),0.01,N719,I2-based,0.74,10.73,0.71,5.64,[108],11
CNT/TiO2,drop casted,Pt,spin coated,CNT wt%,0.16%,N719,I2-based,0.68,3.6,0.53,1.29,[147],11
CNT/TiO2,drop casted,Pt,spin coated,CNT wt%,0.32%,N719,I2-based,0.68,10.12,0.56,3.85,[147],11
CNT/TiO2,drop casted,Pt,spin coated,CNT wt%,0.64%,N719,I2-based,0.69,5.82,0.52,2.18,[147],11
CNT/TiO2,drop casted,Pt,spin coated,CNT wt%,1.28%,N719,I2-based,0.68,4.44,0.55,1.66,[147],11
CNT/TiO2 nanofiber,doctor bladed,Pt,spin coated,,,N719,I2-based,0.72,12.65,0.53,4.83,[148],11
MWCNT/TiO2,spin coated,Pt,sputtered,,,N719,I2-based,0.73,11.65,0.68,5.75,[109],11
AuNP/TiO2,spin coated,Pt,sputtered,,,N719,I2-based,0.73,11.52,0.66,5.55,[109],11
AuNP/MWCNT/TiO2,spin coated,Pt,sputtered,,,N719,I2-based,0.73,12.71,0.71,6.61,[109],11
graphitic carbon nitride (g-C3N4) nanosheets laminated TiO2-B nanowires,doctor bladed,Pt,sputtered,melamine:TiO2 weight ratio,0%,N3,Iodolyte AN-50,0.65,10.22,0.56,3.71,[149],11
graphitic carbon nitride (g-C3N4) nanosheets laminated TiO2-B nanowires,doctor bladed,Pt,sputtered,melamine:TiO2 weight ratio,50%,N3,Iodolyte AN-50,0.67,10.92,0.58,4.24,[149],11
graphitic carbon nitride (g-C3N4) nanosheets laminated TiO2-B nanowires,doctor bladed,Pt,sputtered,melamine:TiO2 weight ratio,100%,N3,Iodolyte AN-50,0.69,12.07,0.61,5.12,[149],11
graphitic carbon nitride (g-C3N4) nanosheets laminated TiO2-B nanowires,doctor bladed,Pt,sputtered,melamine:TiO2 weight ratio,150%,N3,Iodolyte AN-50,0.65,8.64,0.54,3.04,[149],11
graphitic thin film/TiO2,screen printing,Pt,drop casted,Graphitic layer location,lower,N719,I2-based,0.79,6.94,0.68,3.71,[150],11
graphitic thin film/TiO2,screen printing,Pt,drop casted,Graphitic layer location,upper,N719,I2-based,0.78,8.96,0.7,4.91,[150],11
graphitic thin film/TiO2,screen printing,Pt,drop casted,Graphitic layer location,both,N719,I2-based,0.79,9.35,0.71,5.21,[150],11
Co/TiO2,doctor bladed,Pt,doctor bladed,,,N719,Iodolyte AN-50,0.58,10.39,0.6,4.09,[152],11
reduced graphene oxide/TiO2,doctor bladed,Pt,doctor bladed,,,N719,Iodolyte AN-51,0.6,11.97,0.6,4.43,[152],11
Co/reduced graphene oxide/TiO2,doctor bladed,Pt,doctor bladed,,,N719,Iodolyte AN-52,0.62,12.83,0.59,5.24,[152],11
reduced graphene/TiO2,spin coated,Pt,doctor bladed,Reduced graphene mass,0 mg,N719,I2-based,0.76,11.84,0.71,6.39,[153],11
reduced graphene/TiO2,spin coated,Pt,doctor bladed,Reduced graphene mass,5 mg,N719,I2-based,0.77,13.02,0.68,6.82,[153],11
reduced graphene/TiO2,spin coated,Pt,doctor bladed,Reduced graphene mass,8 mg,N719,I2-based,0.76,14.37,0.69,7.52,[153],11
reduced graphene/TiO2,spin coated,Pt,doctor bladed,Reduced graphene mass,10 mg,N719,I2-based,0.75,12.56,0.69,6.54,[153],11
reduced graphene/TiO2,spin coated,Pt,doctor bladed,Reduced graphene mass,12 mg,N719,I2-based,0.76,11.28,0.69,5.93,[153],11
reduced graphene/TiO2,spin coated,Pt,doctor bladed,Reduced graphene mass,15 mg,N719,I2-based,0.76,10.52,0.69,5.46,[153],11
carbon fiber/TiO2,doctor bladed,Pt,doctor bladed,,,N719,I2-based,0.67,14.45,0.63,6.06,[158],11
Ag@TiO2 core-shell spheres,doctor bladed,Pt,doctor bladed,,,N719,I2-based,0.68,15.33,0.63,6.59,[158],11
carbon fiber/TiO2-Ag@TiO2,doctor bladed,Pt,doctor bladed,,,N719,I2-based,0.68,16.51,0.66,7.35,[158],11
TiO2,spin coated,Pt,dip coated,CNT wt%,0%,N719,PAN-based gel electrolyte,0.65,10.51,0.69,4.74,[159],12
TiO2,spin coated,Pt,dip coated,CNT wt%,3%,N719,PAN-based gel electrolyte,0.59,13.76,0.61,4.91,[159],12
TiO2,spin coated,Pt,dip coated,CNT wt%,5%,N719,PAN-based gel electrolyte,0.59,13.88,0.68,5.56,[159],12
TiO2,spin coated,Pt,dip coated,CNT wt%,7%,N719,PAN-based gel electrolyte,0.53,19.33,0.65,6.63,[159],12
TiO2,spin coated,Pt,dip coated,CNT wt%,9%,N719,PAN-based gel electrolyte,0.54,21.88,0.62,7.36,[159],12
TiO2,spin coated & doctor bladed (2 layers),Pt,dip coated,CNT wt%,11%,N719,PAN-based gel electrolyte,0.65,22.02,0.62,8.87,[159],12
TiO2,spin coated & doctor bladed (2 layers),Pt,dip coated,CNT wt%,13%,N719,PAN-based gel electrolyte,0.64,12.99,0.62,5.15,[159],12
TiO2,spin coated & doctor bladed (2 layers),Pt,dip coated,MWCNT wt%,0%,N719,PEO-based gel electrolyte,0.59,6.35,0.65,2.45,[160],12
TiO2,spin coated & doctor bladed (2 layers),Pt,dip coated,MWCNT wt%,1%,N719,PEO-based gel electrolyte,0.6,13.23,0.68,5.42,[160],12
TiO2,spin coated & doctor bladed (2 layers),Pt,dip coated,MWCNT wt%,3%,N719,PEO-based gel electrolyte,0.6,16.12,0.67,6.53,[160],12
TiO2,spin coated & doctor bladed (2 layers),Pt,dip coated,MWCNT wt%,5%,N719,PEO-based gel electrolyte,0.58,18.47,0.62,6.61,[160],12
TiO2,spin coated & doctor bladed (2 layers),Pt,dip coated,MWCNT wt%,7%,N719,PEO-based gel electrolyte,0.59,18.64,0.66,7.23,[160],12
TiO2,doctor bladed,AC-decorated functionalized MWCNTs,sonication,MWCNT: AC mass ratio,0.5:0.0,N719,PEO-based gel electrolyte,0.7,13.2,0.7,6.5,[162],12
TiO2,doctor bladed,AC-decorated functionalized MWCNTs,sonication,MWCNT: AC mass ratio,0.0:0.5,N719,PEO-based gel electrolyte,0.68,12.3,0.59,4.93,[162],12
TiO2,doctor bladed,AC-decorated functionalized MWCNTs,sonication,MWCNT: AC mass ratio,0.5:0.25,N719,PEO-based gel electrolyte,0.71,15.6,0.71,7.84,[162],12
TiO2,doctor bladed,AC-decorated functionalized MWCNTs,sonication,MWCNT: AC mass ratio,0.5:0.5,N719,PEO-based gel electrolyte,0.71,15.9,0.74,8.42,[162],12
TiO2,doctor bladed,AC-decorated functionalized MWCNTs,sonication,MWCNT: AC mass ratio,0.5:0.75,N719,PEO-based gel electrolyte,0.71,14.6,0.73,7.55,[162],12
TiO2,doctor bladed,AC-decorated functionalized MWCNTs,sonication,MWCNT: AC mass ratio,0.5:1.0,N719,PEO-based gel electrolyte,0.7,14.6,0.71,7.27,[162],12
TiO2,synthesis,AC-doped MWCNTs,synthesis,AC wt%,0%,N719,PEO-based gel electrolyte,0.7,14.18,0.72,7.16,[163],12
TiO2,synthesis,AC-doped MWCNTs,synthesis,AC wt%,0.40%,N719,PEO-based gel electrolyte,0.73,14.94,0.81,8.82,[163],12
TiO2,synthesis,AC-doped MWCNTs,synthesis,AC wt%,0.80%,N719,PEO-based gel electrolyte,0.75,16.07,0.83,10.05,[163],12
TiO2,synthesis,AC-doped MWCNTs,synthesis,AC wt%,1.60%,N719,PEO-based gel electrolyte,0.75,15.68,0.81,9.52,[163],12
TiO2,synthesis,AC-doped MWCNTs,synthesis,AC wt%,3.20%,N719,PEO-based gel electrolyte,0.7,14.58,0.77,7.81,[163],12
 ZnO,spin coated,Pt,dip coated,,,N3,I2-based,0.36,4.66,0.61,8.06,Random,Random
 ZnO,spin coated,Pt,dip coated,,,N3,I2-based,0.89,11.62,0.7,5.37,Random,Random
 ZnO,spin coated,Pt,dip coated,,,N3,I2-based,0.46,10.32,0.86,4.96,Random,Random
 ZnO,spin coated,Pt,dip coated,,,N3,I2-based,0.25,9.31,0.86,9.91,Random,Random
 ZnO,spin coated,Pt,dip coated,,,N3,I2-based,0.6,6.21,0.74,8.89,Random,Random
 ZnO,doctor bladed,Pt,sputtered,,,N3,I2-based,0.7,9.29,0.66,3.82,Random,Random
 ZnO,doctor bladed,Pt,sputtered,,,N3,I2-based,0.3,16.34,0.68,5.16,Random,Random
 ZnO,doctor bladed,Pt,sputtered,,,N3,PAN-based gel electrolyte,0.74,5.18,0.64,7.87,Random,Random
 ZnO,doctor bladed,Pt,sputtered,,,N3,PAN-based gel electrolyte,0.22,18.62,0.68,4.83,Random,Random
 ZnO,doctor bladed,Pt,sputtered,,,N3,PAN-based gel electrolyte,0.68,12.97,0.71,5.8,Random,Random
 ZnO,dip coated,Pt,sputtered,,,N3,PAN-based gel electrolyte,0.21,10.69,0.79,8.73,Random,Random
 ZnO,dip coated,Pt,sonication,,,N3,PAN-based gel electrolyte,0.65,6.86,0.8,8.38,Random,Random
 ZnO,dip coated,Pt,sonication,,,N3,PEO-based gel electrolyte,0.26,7.13,0.77,7.85,Random,Random
 ZnO,dip coated,Pt,sonication,,,N3,PEO-based gel electrolyte,0.38,14.73,0.65,3.39,Random,Random
 ZnO,dip coated,Pt,sonication,,,N3,PEO-based gel electrolyte,0.25,15.73,0.84,4.02,Random,Random
 ZnO,dip coated,Pt,sonication,,,N3,PEO-based gel electrolyte,0.37,5.51,0.75,2.53,Random,Random
 ZnO,spin coated,CNTs,synthesis,CNT wt%,0%,N3,PEO-based gel electrolyte,0.15,8.14,0.68,5.12,Random,Random
 ZnO,spin coated,CNTs,synthesis,CNT wt%,3%,N3,PEO-based gel electrolyte,0.12,19.16,0.66,5.96,Random,Random
 ZnO,spin coated,CNTs,ultrasonic oscillator,CNT wt%,5%,N3,PEO-based gel electrolyte,0.67,14.67,0.63,9.81,Random,Random
 ZnO,spin coated,CNTs,ultrasonic oscillator,CNT wt%,7%,N3,PEO-based gel electrolyte,0.68,18.42,0.7,2.64,Random,Random
 ZnO,spin coated,CNTs,ultrasonic oscillator,CNT wt%,9%,N3,Iodolyte Z-50,0.57,15.24,0.85,3.24,Random,Random
 ZnO,doctor bladed,CNTs,doctor bladed,CNT wt%,11%,N3,Iodolyte Z-50,0.39,5.76,0.88,3.61,Random,Random
 ZnO,doctor bladed,CNTs,doctor bladed,CNT wt%,13%,N3,Iodolyte Z-50,0.12,7.52,0.79,4.17,Random,Random
 ZnO,doctor bladed,CNTs,doctor bladed,CNT wt%,15%,N3,Iodolyte Z-50,0.35,5.3,0.84,1.23,Random,Random
 ZnO,doctor bladed,CNTs,doctor bladed,CNT wt%,18%,N3,Iodolyte Z-50,0.26,7.08,0.7,6.35,Random,Random
 ZnO,doctor bladed,CNTs,spin coated,CNT wt%,20%,N3,Iodolyte Z-50,0.46,17.71,0.63,10.56,Random,Random
 ZnO,dip coated,CNTs,spin coated,CNT wt%,22%,N3,I2-based,0.56,5.05,0.7,6.93,Random,Random
 ZnO,dip coated,CNTs,spin coated,CNT wt%,24%,N3,I2-based,0.2,14.19,0.88,3.03,Random,Random
 ZnO,dip coated,CNTs,spin coated,CNT wt%,26%,N719,I2-based,0.86,8.63,0.67,8.96,Random,Random
 ZnO,dip coated,CNTs,spin coated,CNT wt%,28%,N719,I2-based,0.58,13.21,0.73,9.01,Random,Random
 ZnO,dip coated,CNTs,drop casted,CNT wt%,30%,N719,I2-based,0.41,9.1,0.77,3.44,Random,Random
 ZnO,dip coated,CNTs,drop casted,CNT wt%,33%,N719,I2-based,0.61,4.55,0.82,3.66,Random,Random
 ZnO,spin coated,CNTs,drop casted,CNT wt%,35%,N719,I2-based,0.84,17.84,0.74,4.35,Random,Random
 ZnO,spin coated,CNTs,drop casted,CNT wt%,37%,N719,I2-based,0.27,6.15,0.84,9.5,Random,Random
 ZnO,spin coated,CNTs,doctor bladed,CNT wt%,39%,N719,I2-based,0.16,3.83,0.65,7.95,Random,Random
 ZnO,spin coated,CNTs,spin coated,CNT wt%,41%,N719,PAN-based gel electrolyte,0.49,17.78,0.66,7.46,Random,Random
 ZnO,spin coated,CNTs,spin coated,CNT wt%,43%,N719,PAN-based gel electrolyte,0.72,18.17,0.74,1.01,Random,Random
 ZnO,doctor bladed,ZIF-8 derived carbon,spin coated,Furnace temperature,800°C,N719,PAN-based gel electrolyte,0.18,10.5,0.78,7.82,Random,Random
 ZnO,doctor bladed,ZIF-8 derived carbon, electrodepositing,Furnace temperature,900°C,N719,PAN-based gel electrolyte,0.87,13.34,0.68,6.94,Random,Random
 ZnO,doctor bladed,ZIF-8 derived carbon, electrodepositing,Furnace temperature,1000°C,N719,PAN-based gel electrolyte,0.48,5.94,0.75,5.92,Random,Random
 ZnO,doctor bladed,ZIF-8 derived carbon, electrodepositing,Furnace temperature,1100°C,N719,PEO-based gel electrolyte,0.82,4.7,0.76,6.18,Random,Random
 ZnO,doctor bladed,MWCNT/TiO2, electrodepositing,MWCNT wt%,2%,N719,PEO-based gel electrolyte,0.53,4.67,0.86,2.74,Random,Random
 ZnO,dip coated,MWCNT/TiO2, electrodepositing,MWCNT wt%,4%,N719,PEO-based gel electrolyte,0.23,8.44,0.72,9.62,Random,Random
 ZnO,dip coated,MWCNT/TiO2, electrodepositing,MWCNT wt%,6%,N719,PEO-based gel electrolyte,0.61,5.39,0.65,5.74,Random,Random
 ZnO,dip coated,ZIF-8 derived carbon,sputtered,Furnace temperature,800°C,N719,PEO-based gel electrolyte,0.26,6.16,0.7,2.76,Random,Random
 ZnO,dip coated,ZIF-8 derived carbon,sputtered,Furnace temperature,900°C,N719,PEO-based gel electrolyte,0.76,17.39,0.82,2.78,Random,Random
 ZnO,dip coated,ZIF-8 derived carbon,doctor bladed,Furnace temperature,1000°C,N719,PEO-based gel electrolyte,0.67,16.09,0.86,2.32,Random,Random
 ZnO,dip coated,ZIF-8 derived carbon,drop casted,Furnace temperature,1100°C,N719,PEO-based gel electrolyte,0.22,18.61,0.77,6.58,Random,Random
 ZnO,dip coated,CoS2 embedded carbon nanocages,drop casted,Sulfurizing time,1 h,N719,Iodolyte Z-50,0.49,15.19,0.86,5.75,Random,Random
 ZnO,dip coated,CoS2 embedded carbon nanocages,spin coated,Sulfurizing time,2 h,N719,Iodolyte Z-50,0.33,12.66,0.88,7.31,Random,Random
 ZnO,dip coated,CoS2 embedded carbon nanocages,spin coated,Sulfurizing time,4 h,N719,Iodolyte Z-50,0.18,9.85,0.85,3.91,Random,Random
 ZnO,mechanochemical reaction,Cu-PPy-functionalized MWCNTs,spin coated,,,N3,I2-based,0.57,19.42,0.69,10.08,Random,Random
 ZnO,doctor bladed,Co2P,doctor blade,,,N3,I2-based,0.68,14.98,0.71,8.15,Random,Random
 ZnO,doctor bladed,N-doped CNTs,sputtered,,,N3,I2-based,0.34,15.4,0.85,2.51,Random,Random
 ZnO,doctor bladed,Co embedded N-doped CNTs,spin coated,,,N3,I2-based,0.78,18.67,0.7,3.52,Random,Random
 ZnO,synthesis,Co2P embedded N-doped CNTs,spin coated,,,N3,I2-based,0.75,3.29,0.87,2.99,Random,Random
 ZnO,synthesis,Ni2P embedded N-doped CNTs,drop casted,,,N3,I2-based,0.8,11.78,0.69,10.49,Random,Random
 ZnO,synthesis,MWCNT/TiO2,spin coated,,,N3,I2-based,0.21,19.5,0.66,3.73,Random,Random
 ZnO,synthesis,MWCNT/TiO2,spin coated,,,N3,I2-based,0.21,5.24,0.73,6.89,Random,Random
 ZnO,synthesis,MWCNT/TiO2,spin coated,,,N3,I2-based,0.3,11.68,0.8,9.95,Random,Random
 ZnO,synthesis,CNT-polyisobutylene (PIB)-ED2003-PIB/PtNPs,spin coated,,,N3,I2-based,0.41,6.81,0.83,2.94,Random,Random
 ZnO,synthesis,CNT-polyisobutylene (PIB)-ED2003-PIB/PtNPs,mechanochemical reaction,,,N3,I2-based,0.67,19.82,0.76,1.09,Random,Random
 ZnO,synthesis,CNT-polyisobutylene (PIB)-ED2003-PIB/PtNPs,mechanochemical reaction,,,N3,I2-based,0.83,12.61,0.69,5.81,Random,Random
 ZnO,synthesis,NiCo­2S4­,doctor bladed,,,N3,I2-based,0.76,3.73,0.7,9.25,Random,Random
 ZnO,synthesis,N-doped CNTs,doctor bladed,,,N3,I2-based,0.12,13.5,0.76,3.95,Random,Random
 ZnO,two step electrodeposition,NiCo2S4 QD@N-doped CNTs,doctor bladed,,,N3,I2-based,0.79,10.37,0.89,6.62,Random,Random
 ZnO,two step electrodeposition,N-doped porous carbon coated CoSe NPs embedded on N-doped CNTs,synthesis,,,N3,I2-based,0.76,12.84,0.62,10.4,Random,Random
 ZnO,two step electrodeposition,N-doped CNT coated polyhedrons,synthesis,,,N3,I2-based,0.44,12.85,0.69,9.94,Random,Random
 ZnO,trip-growth process,N-doped graphitic carbon (NGC) coated polyhedrons,synthesis,,,N3,I2-based,0.79,19.76,0.9,1.26,Random,Random
 ZnO,trip-growth process,CoTe2 powder,synthesis,,,N3,I2-based,0.72,8.54,0.78,7.47,Random,Random
 ZnO,trip-growth process,CoTe2 embedded N-doped CNT polyhedrons,synthesis,,,N3,I2-based,0.24,6.09,0.61,9.78,Random,Random
 ZnO,trip-growth process,CoTe2 embedded NGC polyhedrons,synthesis,,,N3,I2-based,0.48,12.3,0.84,9.27,Random,Random
 ZnO,trip-growth process,Rh HO-functionalized MWCNTs,synthesis,,,N3,I2-based,0.57,5.81,0.75,10.1,Random,Random
Nb2O3,spin coated & doctor bladed (2 layers),Rh HO-functionalized MWCNTs,synthesis,,,N3,I2-based,0.56,16.37,0.79,5.01,Random,Random
Nb2O3,spin coated & doctor bladed (2 layers),Rh-decorated HO-functionalized MWCNTs,synthesis,,,N3,I2-based,0.56,7.91,0.72,1.56,Random,Random
Nb2O3,spin coated & doctor bladed (2 layers),MoS2 nanosheet reduced graphene oxide/CNT aerogel,synthesis,,,N3,I2-based,0.16,3.35,0.75,8.4,Random,Random
Nb2O3,spin coated & doctor bladed (2 layers),organic N-doped MWCNTs,two step electrodeposition,,,N3,Iodolyte AN-50,0.79,18.24,0.89,2.47,Random,Random
Nb2O3,spin coated & doctor bladed (2 layers),Co embedded N-doped CNTs,two step electrodeposition,,,N3,Iodolyte AN-50,0.2,4.49,0.65,5.27,Random,Random
Nb2O3,spin coated & doctor bladed (2 layers),Co embedded N-doped CNTs,two step electrodeposition,,,N3,Iodolyte AN-50,0.28,17.8,0.75,6.11,Random,Random
Nb2O3,spin coated & doctor bladed (2 layers),Co embedded N-doped CNTs,trip-growth process,,,N719,Iodolyte AN-50,0.14,4.17,0.75,8.82,Random,Random
Nb2O3,dip coated,CuMnSnS4/CNT with flowerlike hierarchical structure,trip-growth process,,,N719,I2-based,0.79,7.72,0.66,3.56,Random,Random
Nb2O3,dip coated,CuMnSnS4/CNT with flowerlike hierarchical structure,trip-growth process,,,N719,I2-based,0.33,19.45,0.81,4.28,Random,Random
Nb2O3,spin coated,CuMnSnS4/CNT with flowerlike hierarchical structure,trip-growth process,,,N719,I2-based,0.21,6.05,0.75,5.98,Random,Random
Nb2O3,spin coated,CuMnSnS4/CNT with flowerlike hierarchical structure,trip-growth process,,,N719,Iodolyte AN-50,0.41,17.3,0.7,10.88,Random,Random
Nb2O3,spin coated,CuMnSnS4/CNT with flowerlike hierarchical structure,dip coated,,,N719,Iodolyte AN-51,0.88,7.32,0.88,2.57,Random,Random
Nb2O3,spin coated,CuMnSnS4/CNT with flowerlike hierarchical structure,dip coated,,,N719,Iodolyte AN-52,0.55,4.58,0.87,10.02,Random,Random
Nb2O3,spin coated,CNT/VS2 nanofiber,dip coated,,,N719,I2-based,0.78,3.9,0.84,1.87,Random,Random
Nb2O3,doctor bladed,CNT/VS2 nanofiber,ultrasonic oscillator,,,N719,I2-based,0.19,10.29,0.74,9.31,Random,Random
Nb2O3,doctor bladed,CNT/VS2 nanofiber,ultrasonic oscillator,,,N719,I2-based,0.56,10.33,0.74,2.33,Random,Random
Nb2O3,doctor bladed,CNT/VS2 nanofiber,ultrasonic oscillator,,,N719,I2-based,0.66,13.86,0.9,7.29,Random,Random
Nb2O3,doctor bladed,CNT/VS2 nanofiber,doctor bladed,,,N719,I2-based,0.8,19.89,0.61,8.74,Random,Random
Nb2O3,doctor bladed,CNT/VS2 nanofiber,doctor bladed,,,N719,I2-based,0.7,3.88,0.84,6.65,Random,Random
Nb2O3,dip coated,MoS2/MWCNT,doctor bladed,,,N719,I2-based,0.59,10.84,0.7,9.3,Random,Random
Nb2O3,dip coated,MoS2/MWCNT,doctor bladed,,,N719,I2-based,0.31,12.07,0.84,3.82,Random,Random
Nb2O3,dip coated,MoS2/MWCNT,spin coated,,,N719,I2-based,0.15,9.39,0.7,4.46,Random,Random
Nb2O3,dip coated,MoS2/MWCNT,spin coated,,,N719,PAN-based gel electrolyte,0.37,15.49,0.75,10.98,Random,Random
Nb2O3,dip coated,MoS2/MWCNT,spin coated,,,N719,PAN-based gel electrolyte,0.58,6.67,0.79,3.41,Random,Random
Nb2O3,dip coated,MoWO4 with ZnO nanoflowers embedded on MWCNTs,spin coated,,,N719,PAN-based gel electrolyte,0.74,12.46,0.69,6.86,Random,Random
Nb2O3,spin coated,Pt,spin coated,,,N719,PAN-based gel electrolyte,0.15,6.12,0.82,5.16,Random,Random
Nb2O3,spin coated,Pt,drop casted,,,N719,PAN-based gel electrolyte,0.67,13.39,0.67,7.22,Random,Random
Nb2O3,spin coated,Pt,drop casted,,,N719,PAN-based gel electrolyte,0.84,10.18,0.69,5.01,Random,Random
Nb2O3,spin coated,Pt,drop casted,,,N719,PAN-based gel electrolyte,0.78,4.39,0.74,1.76,Random,Random
Nb2O3,spin coated,Pt,drop casted,,,,PEO-based gel electrolyte,0.61,10.3,0.89,9.21,Random,Random
Nb2O3,doctor bladed,Pt,doctor bladed,,,N3,PEO-based gel electrolyte,0.12,15.73,0.67,9.22,Random,Random
Nb2O3,doctor bladed,Pt,spin coated,,,N3,I2-based,0.1,3.42,0.66,4.23,Random,Random
Nb2O3,sputtered,Pt,spin coated,,,N3,I2-based,0.18,19.97,0.85,9.76,Random,Random
Nb2O3,sputtered,Pt, electrodepositing,,,N3,I2-based,0.3,6.51,0.74,2.36,Random,Random
Nb2O3,sputtered,Pt,doctor bladed,,,N3,I2-based,0.35,13.0,0.86,8.47,Random,Random
Nb2O3,sputtered,Pt,doctor bladed,,,N3,I2-based,0.78,18.23,0.71,6.99,Random,Random
Nb2O3,drop casted,Pt,doctor bladed,,,N3,I2-based,0.49,12.24,0.84,8.86,Random,Random
Nb2O3,spin coated,Pt,doctor bladed,,,N3,I2-based,0.59,17.68,0.84,4.44,Random,Random
Nb2O3,spin coated,Pt,doctor bladed,,,N3,I2-based,0.43,4.55,0.76,4.68,Random,Random
Nb2O3,spin coated,Pt,doctor bladed,,,N3,I2-based,0.57,7.21,0.63,9.56,Random,Random
Nb2O3,spin coated,Pt,spin coated,,,N3,I2-based,0.58,14.94,0.8,4.96,Random,Random
Nb2O3,sonication,Pt,spin coated,,,N3,I2-based,0.4,15.8,0.71,8.4,Random,Random
Nb2O3,sonication,Pt,spin coated,,,N3,I2-based,0.62,14.57,0.74,4.79,Random,Random
Nb2O3,sonication,Pt,spin coated,,,N3,I2-based,0.41,13.92,0.89,4.18,Random,Random
Nb2O3,drop casted,Pt,spin coated,,,N3,I2-based,0.75,4.08,0.84,2.41,Random,Random
Nb2O3,spin coated,Pt,sonication,,,N3,I2-based,0.59,16.78,0.79,10.33,Random,Random
Nb2O3,spin coated,Pt,sonication,,,N3,I2-based,0.86,19.7,0.61,4.84,Random,Random
Nb2O3,spin coated,Pt,sonication,,,N3,I2-based,0.58,11.72,0.61,4.71,Random,Random
Nb2O3,spin coated,Pt,drop casted,,,N3,I2-based,0.87,8.83,0.64,8.3,Random,Random
Nb2O3,sputtered,Pt,spin coated,,,N3,I2-based,0.1,18.4,0.7,7.53,Random,Random
Nb2O3,sputtered,Pt,spin coated,,,N3,I2-based,0.14,10.75,0.67,1.51,Random,Random
Nb2O3,spin coated,Pt,spin coated,,,N3,I2-based,0.59,8.5,0.63,7.44,Random,Random
Nb2O3,spin coated,Pt,spin coated,,,N3,I2-based,0.37,15.99,0.85,4.5,Random,Random
Nb2O3,spin coated,Pt,sputtered,,,N3,I2-based,0.58,19.01,0.71,9.98,Random,Random
Nb2O3,spin coated,Pt,sputtered,,,N3,I2-based,0.44,3.61,0.63,5.95,Random,Random
Nb2O3,spin coated,Pt,spin coated,,,N3,I2-based,0.25,13.37,0.88,8.5,Random,Random
Nb2O3,sputtered,Pt,spin coated,,,N3,Iodolyte AN-50,0.27,7.96,0.72,3.21,Random,Random
Nb2O3,sputtered,Pt,spin coated,,,N3,Iodolyte AN-50,0.14,19.27,0.87,1.57,Random,Random
Nb2O3,sputtered,CoS2 embedded carbon nanocages,spin coated,,,N719,Iodolyte AN-50,0.19,8.97,0.77,6.63,Random,Random
Nb2O3,sputtered,CoS2 embedded carbon nanocages,spin coated,,,N719,Iodolyte AN-50,0.77,8.66,0.85,1.33,Random,Random
Nb2O3,sputtered,CoS2 embedded carbon nanocages,sputtered,,,N719,I2-based,0.35,12.93,0.61,5.45,Random,Random
Nb2O3,sputtered,CoS2 embedded carbon nanocages,sputtered,,,N719,I2-based,0.29,14.76,0.78,4.39,Random,Random
Nb2O3,sonication,edge-selenated graphene nanoplatelets,sputtered,,,N719,I2-based,0.29,5.2,0.67,8.87,Random,Random
Nb2O3,sonication,edge-selenated graphene nanoplatelets,sputtered,,,N719,Iodolyte AN-50,0.14,12.74,0.75,1.91,Random,Random
Nb2O3,sonication,reduced graphene oxide,doctor bladed,,,N719,Iodolyte AN-51,0.23,8.75,0.71,4.28,Random,Random
Nb2O3,sonication,reduced graphene oxide,doctor bladed,,,N719,Iodolyte AN-52,0.88,9.21,0.88,7.76,Random,Random
Nb2O3,sonication,reduced graphene oxide,doctor bladed,,,N719,I2-based,0.83,18.0,0.72,5.25,Random,Random
Nb2O3,synthesis,N-doped ordered mesoporous carbon (NOMC),doctor bladed,,,N719,I2-based,0.19,4.34,0.71,3.96,Random,Random
Nb2O3,synthesis,Ni encapsulated N-doped CNTs (Ni@NCNTs),dip coated,,,N719,I2-based,0.68,11.78,0.66,1.45,Random,Random
Nb2O3,ultrasonic oscillator,Ni@NCNTs pinned on NOMC,dip coated,,,N719,I2-based,0.88,5.52,0.62,4.18,Random,Random
Nb2O3,ultrasonic oscillator,Ni@NCNTs pinned on NOMC,dip coated,,,N719,I2-based,0.17,17.63,0.69,9.94,Random,Random
Nb2O3,ultrasonic oscillator,Ni@NCNTs pinned on NOMC,dip coated,,,N719,I2-based,0.48,6.81,0.63,1.94,Random,Random
Nb2O3,doctor bladed,Ni@NCNTs pinned on NOMC,dip coated,,,N719,I2-based,0.74,16.01,0.71,9.76,Random,Random
Nb2O3,doctor bladed,ZIF-8 derived carbon,dip coated,,,N719,I2-based,0.82,17.54,0.63,1.32,Random,Random
Nb2O3,doctor bladed,ZIF-8 derived carbon,spin coated,,,N719,I2-based,0.25,8.04,0.87,7.94,Random,Random
Nb2O3,doctor bladed,Pt,spin coated,,,N719,PAN-based gel electrolyte,0.87,7.23,0.7,6.29,Random,Random
Nb2O3,spin coated,Pt,spin coated,,,N719,PAN-based gel electrolyte,0.26,4.93,0.62,10.16,Random,Random
Nb2O3,spin coated,Pt,spin coated,,,N719,PAN-based gel electrolyte,0.8,12.49,0.62,3.87,Random,Random
Nb2O3,spin coated,Pt,spin coated,,,N719,PAN-based gel electrolyte,0.68,14.52,0.82,6.46,Random,Random
Nb2O3,spin coated,Pt,doctor bladed,,,N719,PAN-based gel electrolyte,0.23,12.74,0.62,9.73,Random,Random
Nb2O3,spin coated,Pt,doctor bladed,,,N719,PAN-based gel electrolyte,0.22,11.88,0.82,7.86,Random,Random
Nb2O3,drop casted,Pt,sputtered,,,N3,PAN-based gel electrolyte,0.87,7.0,0.64,6.35,Random,Random
Nb2O3,drop casted,Pt,sputtered,,,N3,PEO-based gel electrolyte,0.8,15.19,0.89,3.94,Random,Random
Nb2O3,drop casted,Pt,sputtered,,,N3,PEO-based gel electrolyte,0.36,11.16,0.62,8.97,Random,Random
Nb2O3,drop casted,Pt,sputtered,,,N3,I2-based,0.86,12.04,0.73,8.79,Random,Random
Nb2O3,doctor bladed,Pt,drop casted,,,N3,I2-based,0.24,3.62,0.88,6.73,Random,Random
Nb2O3,spin coated,Pt,spin coated,,,N3,I2-based,0.21,7.31,0.69,1.95,Random,Random
Nb2O3,spin coated,Pt,spin coated,,,N3,I2-based,0.16,11.43,0.81,3.66,Random,Random
Nb2O3,spin coated,Pt,spin coated,,,N3,I2-based,0.67,3.31,0.8,8.55,Random,Random
Nb2O3,spin coated,Pt,spin coated,,,N3,I2-based,0.55,15.41,0.74,9.62,Random,Random
Nb2O3,spin coated,Pt,sonication,,,N3,I2-based,0.43,16.01,0.62,8.12,Random,Random
Nb2O3,spin coated,Pt,sonication,,,N3,I2-based,0.16,17.72,0.72,3.93,Random,Random
Nb2O3,synthesis,Pt,sonication,,,N3,I2-based,0.22,16.3,0.78,5.0,Random,Random
Nb2O3,synthesis,Pt,synthesis,,,N3,I2-based,0.86,11.41,0.76,1.38,Random,Random
Nb2O3,synthesis,Pt,synthesis,,,N3,I2-based,0.49,9.59,0.78,11.0,Random,Random
Nb2O3,synthesis,Pt,synthesis,,,N3,I2-based,0.36,16.06,0.61,5.58,Random,Random
Nb2O3,synthesis,Pt,two step electrodeposition,,,N719,I2-based,0.27,8.92,0.81,10.34,Random,Random
Nb2O3,synthesis,Pt,two step electrodeposition,,,N719,I2-based,0.62,6.5,0.69,6.32,Random,Random
Nb2O3,synthesis,Pt,two step electrodeposition,,,N719,I2-based,0.62,12.48,0.83,1.77,Random,Random
Nb2O3,synthesis,Pt,trip-growth process,,,N719,I2-based,0.32,18.18,0.66,4.69,Random,Random
Nb2O3,synthesis,Pt,trip-growth process,,,N719,I2-based,0.69,18.57,0.86,7.85,Random,Random
Nb2O3,two step electrodeposition,Pt,trip-growth process,,,N719,I2-based,0.37,17.07,0.8,6.94,Random,Random
Nb2O3,two step electrodeposition,Pt,trip-growth process,,,N719,I2-based,0.66,11.29,0.78,7.25,Random,Random
Nb2O3,two step electrodeposition,Pt,trip-growth process,,,N719,I2-based,0.57,8.82,0.77,2.2,Random,Random
Nb2O3,trip-growth process,Pt,spin coated & doctor bladed (2 layers),,,N719,I2-based,0.11,11.69,0.62,6.78,Random,Random
Nb2O3,trip-growth process,Pt,spin coated & doctor bladed (2 layers),,,N719,I2-based,0.77,7.49,0.61,6.37,Random,Random
Nb2O3,trip-growth process,Pt,spin coated & doctor bladed (2 layers),,,N719,I2-based,0.57,15.59,0.63,9.79,Random,Random
Nb2O3,trip-growth process,CNT-polyisobutylene (PIB)-ED2003-PIB/PtNPs,spin coated & doctor bladed (2 layers),,,N719,I2-based,0.77,9.84,0.62,8.3,Random,Random
Nb2O3,trip-growth process,NiCo­2S4­,spin coated & doctor bladed (2 layers),,,N719,I2-based,0.53,12.26,0.71,5.04,Random,Random
Nb2O3,spin coated,N-doped CNTs,spin coated & doctor bladed (2 layers),,,N719,Iodolyte AN-50,0.33,14.28,0.77,5.93,Random,Random
Nb2O3,spin coated,NiCo2S4 QD@N-doped CNTs,spin coated & doctor bladed (2 layers),,,N719,Iodolyte AN-50,0.59,14.12,0.71,1.64,Random,Random
C-np,sonication,N-doped porous carbon coated CoSe NPs embedded on N-doped CNTs,dip coated,,,N3,Iodolyte AN-50,0.89,11.4,46.35,1.1,Random,Random
C-np,sonication,N-doped CNT coated polyhedrons,dip coated,,,N3,Iodolyte AN-50,0.88,14.35,56.66,6.61,Random,Random
C-np,sonication,N-doped graphitic carbon (NGC) coated polyhedrons,spin coated,,,N3,I2-based,0.61,11.08,0.52,11.9,Random,Random
C-np,sonication,CoTe2 powder,spin coated,,,N3,I2-based,0.73,16.89,12.79,7.81,Random,Random
C-np,sonication,CoTe2 embedded N-doped CNT polyhedrons,spin coated,,,N3,I2-based,0.84,18.96,4.02,10.64,Random,Random
C-np,synthesis,CoTe2 embedded NGC polyhedrons,spin coated,,,N3,Iodolyte AN-50,0.29,25.07,2.57,10.93,Random,Random
C-np,synthesis,Rh HO-functionalized MWCNTs,spin coated,,,N3,Iodolyte AN-51,0.28,20.67,18.32,10.71,Random,Random
C-np,ultrasonic oscillator,Rh HO-functionalized MWCNTs,doctor bladed,,,N719,Iodolyte AN-52,0.58,15.64,43.05,10.71,Random,Random
C-np,ultrasonic oscillator,Rh-decorated HO-functionalized MWCNTs,doctor bladed,,,N719,I2-based,0.12,4.65,44.21,10.03,Random,Random
C-np,ultrasonic oscillator,MoS2 nanosheet reduced graphene oxide/CNT aerogel,doctor bladed,,,N719,I2-based,0.89,7.07,29.32,6.47,Random,Random
C-np,doctor bladed,organic N-doped MWCNTs,doctor bladed,,,N719,I2-based,0.62,8.28,17.06,2.5,Random,Random
C-np,doctor bladed,Co embedded N-doped CNTs,doctor bladed,,,N719,I2-based,0.16,15.74,30.54,11.06,Random,Random
C-np,doctor bladed,Co embedded N-doped CNTs,doctor bladed,,,N719,I2-based,0.24,20.09,51.74,1.93,Random,Random
C-np,doctor bladed,Co embedded N-doped CNTs,doctor bladed,,,N719,I2-based,0.21,26.85,56.55,5.62,Random,Random
C-np,spin coated,CuMnSnS4/CNT with flowerlike hierarchical structure,sputtered,,,N719,I2-based,0.56,14.28,27.18,9.79,Random,Random
C-np,spin coated,CuMnSnS4/CNT with flowerlike hierarchical structure,sputtered,,,N719,I2-based,0.85,20.64,6.18,4.6,Random,Random
C-np,spin coated,CuMnSnS4/CNT with flowerlike hierarchical structure,sputtered,,,N719,I2-based,0.47,22.1,53.97,2.81,Random,Random
C-np,spin coated,CuMnSnS4/CNT with flowerlike hierarchical structure,sputtered,,,N719,PAN-based gel electrolyte,0.34,15.63,5.18,9.97,Random,Random
C-np,spin coated,CuMnSnS4/CNT with flowerlike hierarchical structure,drop casted,,,N719,PAN-based gel electrolyte,0.47,7.77,19.17,3.64,Random,Random
C-np,drop casted,CuMnSnS4/CNT with flowerlike hierarchical structure,spin coated,,,N719,PAN-based gel electrolyte,0.6,8.0,15.39,3.85,Random,Random
C-np,drop casted,CNT/VS2 nanofiber,spin coated,,,N719,PAN-based gel electrolyte,0.75,27.83,27.69,5.88,Random,Random
C-np,drop casted,CNT/VS2 nanofiber,spin coated,,,N719,PAN-based gel electrolyte,0.36,23.09,52.85,6.57,Random,Random
C-np,drop casted,CNT/VS2 nanofiber,spin coated,,,N719,PAN-based gel electrolyte,0.53,5.75,30.43,7.57,Random,Random
C-np,doctor bladed,CNT/VS2 nanofiber,sonication,,,N719,PAN-based gel electrolyte,0.76,23.01,44.19,5.4,Random,Random
C-np,spin coated,CNT-polyisobutylene (PIB)-ED2003-PIB/PtNPs,sonication,,,N719,PEO-based gel electrolyte,0.49,25.66,55.19,11.71,Random,Random
C-np,spin coated,NiCo­2S4­,sonication,,,N719,PEO-based gel electrolyte,0.76,22.68,32.92,4.48,Random,Random
C-np,spin coated,N-doped CNTs,drop casted,,,N719,I2-based,0.2,18.78,10.3,7.58,Random,Random
C-np,spin coated,NiCo2S4 QD@N-doped CNTs,spin coated,,,N719,I2-based,0.85,27.07,40.89,2.08,Random,Random
C-np,synthesis,N-doped porous carbon coated CoSe NPs embedded on N-doped CNTs,spin coated,,,N719,I2-based,0.65,20.96,48.52,4.09,Random,Random
C-np,synthesis,N-doped CNT coated polyhedrons,spin coated,,,N719,I2-based,0.87,25.5,56.72,4.59,Random,Random
C-np,synthesis,N-doped graphitic carbon (NGC) coated polyhedrons,spin coated,,,N3,I2-based,0.73,27.1,53.5,9.78,Random,Random
C-np,synthesis,CoTe2 powder,sputtered,,,N3,I2-based,0.59,13.52,20.02,10.1,Random,Random
C-np,synthesis,CoTe2 embedded N-doped CNT polyhedrons,sputtered,,,N3,I2-based,0.4,13.7,25.48,9.71,Random,Random
C-np,synthesis,CoTe2 embedded NGC polyhedrons,spin coated,,,N3,I2-based,0.7,26.02,3.97,6.66,Random,Random
C-np,synthesis,Rh HO-functionalized MWCNTs,spin coated,,,N3,I2-based,0.39,22.03,49.51,10.15,Random,Random
C-np,synthesis,Rh HO-functionalized MWCNTs,spin coated,,,N3,I2-based,0.53,21.71,34.53,10.98,Random,Random
C-np,two step electrodeposition,Rh-decorated HO-functionalized MWCNTs,spin coated,,,N3,I2-based,0.77,21.96,49.59,1.71,Random,Random
C-np,two step electrodeposition,MoS2 nanosheet reduced graphene oxide/CNT aerogel,spin coated,,,N3,I2-based,0.11,11.94,9.36,11.45,Random,Random
C-np,two step electrodeposition,organic N-doped MWCNTs,sputtered,,,N3,I2-based,0.4,3.03,40.53,9.23,Random,Random
C-np,trip-growth process,Co embedded N-doped CNTs,sputtered,,,N3,I2-based,0.33,11.46,33.83,6.83,Random,Random
C-np,trip-growth process,Co embedded N-doped CNTs,sputtered,,,N3,I2-based,0.37,13.68,12.67,6.31,Random,Random
C-np,trip-growth process,Co embedded N-doped CNTs,sputtered,,,N3,I2-based,0.41,18.83,31.19,5.32,Random,Random
C-np,trip-growth process,CuMnSnS4/CNT with flowerlike hierarchical structure,sputtered,,,N3,I2-based,0.19,23.46,49.25,6.01,Random,Random
C-np,trip-growth process,CuMnSnS4/CNT with flowerlike hierarchical structure,sputtered,,,N3,I2-based,0.11,20.58,28.89,3.9,Random,Random
C-np,spin coated & doctor bladed (2 layers),CuMnSnS4/CNT with flowerlike hierarchical structure,sonication,,,N3,I2-based,0.62,16.07,27.55,8.29,Random,Random
Fe2O3 & Ni,spin coated & doctor bladed (2 layers),CuMnSnS4/CNT with flowerlike hierarchical structure,sonication,,,N719,I2-based,0.39,19.49,42.26,7.05,Random,Random
Fe2O3 & Ni,spin coated & doctor bladed (2 layers),CuMnSnS4/CNT with flowerlike hierarchical structure,sonication,,,N719,I2-based,0.35,23.89,14.03,1.11,Random,Random
Fe2O3 & Ni,spin coated & doctor bladed (2 layers),CuMnSnS4/CNT with flowerlike hierarchical structure,sonication,,,N719,I2-based,0.5,26.17,44.2,1.6,Random,Random
Fe2O3 & Ni,spin coated & doctor bladed (2 layers),CNT/VS2 nanofiber,sonication,,,N719,I2-based,0.61,3.95,11.32,7.62,Random,Random
Fe2O3 & Ni,spin coated & doctor bladed (2 layers),CNT/VS2 nanofiber,synthesis,,,N719,I2-based,0.35,27.21,4.64,1.37,Random,Random
Fe2O3 & Ni,spin coated & doctor bladed (2 layers),CNT/VS2 nanofiber,synthesis,,,N719,I2-based,0.21,25.98,6.68,11.01,Random,Random
Fe2O3 & Ni,dip coated,Pt,ultrasonic oscillator,,,N719,Iodolyte AN-50,0.26,4.45,24.61,7.4,Random,Random
Fe2O3 & Ni,dip coated,Pt,ultrasonic oscillator,,,N719,Iodolyte AN-50,0.33,21.12,9.75,8.05,Random,Random
Fe2O3 & Ni,spin coated,Pt,ultrasonic oscillator,,,N719,Iodolyte AN-50,0.3,18.97,25.09,1.33,Random,Random
Fe2O3 & Ni,spin coated,Pt,doctor bladed,,,N719,Iodolyte AN-50,0.22,18.3,56.26,4.36,Random,Random
Fe2O3 & Ni,spin coated,Pt,doctor bladed,,,N719,I2-based,0.66,6.0,1.44,9.0,Random,Random
Fe2O3 & Ni,spin coated,Pt,screen printed,,,N719,I2-based,0.47,13.85,51.26,2.94,Random,Random
Fe2O3 & Ni,spin coated,Pt,doctor bladed,,,N719,I2-based,0.16,10.37,12.24,10.3,Random,Random
Fe2O3 & Ni,doctor bladed,Pt,spin coated,,,N719,Iodolyte AN-50,0.57,5.4,44.7,2.59,Random,Random
Fe2O3 & Ni,doctor bladed,Pt,screen printed,,,N719,Iodolyte AN-51,0.46,17.75,4.12,11.92,Random,Random
Fe2O3 & Ni,doctor bladed,Pt,doctor bladed,,,N719,Iodolyte AN-52,0.73,14.03,2.57,3.17,Random,Random
Fe2O3 & Ni,doctor bladed,Pt,doctor bladed,,,N719,I2-based,0.4,23.24,44.44,7.6,Random,Random
Fe2O3 & Ni,doctor bladed,Pt,doctor bladed,,,N719,I2-based,0.24,6.54,25.1,7.12,Random,Random
Fe2O3 & Ni,dip coated,Pt,screen printed,,,N719,I2-based,0.38,24.01,36.67,2.31,Random,Random
Fe2O3 & Ni,spin coated,Pt,doctor bladed,,,N719,I2-based,0.24,25.07,24.08,7.85,Random,Random
Fe2O3 & Ni,spin coated,Pt,dip coated,,,N3,I2-based,0.14,15.79,52.08,8.92,Random,Random
Fe2O3 & Ni,doctor bladed,Pt,dip coated,,,N3,I2-based,0.29,8.74,43.21,7.83,Random,Random
Fe2O3 & Ni,doctor bladed,Pt,dip coated,,,N3,I2-based,0.54,20.86,22.96,10.48,Random,Random
Fe2O3 & Ni,sputtered,Pt,dip coated,,,N3,I2-based,0.53,18.15,24.46,3.09,Random,Random
Fe2O3 & Ni,sputtered,Pt,dip coated,,,N3,I2-based,0.7,8.32,44.72,6.56,Random,Random
Fe2O3 & Ni,sputtered,Pt,dip coated,,,N3,PAN-based gel electrolyte,0.37,24.02,8.29,4.9,Random,Random
Fe2O3 & Ni,sputtered,Pt,dip coated,,,N3,PAN-based gel electrolyte,0.62,11.27,50.14,11.73,Random,Random
Fe2O3 & Ni,drop casted,Pt,dip coated,,,N3,PAN-based gel electrolyte,0.48,24.4,7.98,11.48,Random,Random
Fe2O3 & Ni,spin coated,Pt,dip coated,,,N3,PAN-based gel electrolyte,0.59,27.01,34.53,6.03,Random,Random
Fe2O3 & Ni,spin coated,Pt,dip coated,,,N3,PAN-based gel electrolyte,0.19,9.61,41.07,2.03,Random,Random
Fe2O3 & Ni,spin coated,Pt,dip coated,,,N3,PAN-based gel electrolyte,0.46,13.41,38.36,9.2,Random,Random
Fe2O3 & Ni,spin coated,Pt,dip coated,,,N3,PAN-based gel electrolyte,0.24,6.04,54.63,10.81,Random,Random
Fe2O3 & Ni,sonication,Pt,dip coated,,,N3,PEO-based gel electrolyte,0.32,24.0,30.05,10.96,Random,Random
Fe2O3 & Ni,sonication,CoS2 embedded carbon nanocages,dip coated,,,N3,PEO-based gel electrolyte,0.49,3.17,47.65,11.65,Random,Random
Fe2O3 & Ni,sonication,CoS2 embedded carbon nanocages,dip coated,,,N3,I2-based,0.79,10.06,37.12,10.52,Random,Random
Fe2O3 & Ni,drop casted,CoS2 embedded carbon nanocages,dip coated,,,N3,I2-based,0.58,19.3,39.8,3.18,Random,Random
Fe2O3 & Ni,spin coated,CoS2 embedded carbon nanocages,dip coated,,,N3,I2-based,0.13,14.58,51.52,10.53,Random,Random
Fe2O3 & Ni,spin coated,edge-selenated graphene nanoplatelets,dip coated,,,N3,I2-based,0.29,22.46,47.53,10.47,Random,Random
Fe2O3 & Ni,spin coated,edge-selenated graphene nanoplatelets,dip coated,,,N3,I2-based,0.55,23.54,1.85,9.42,Random,Random
Fe2O3 & Ni,spin coated,reduced graphene oxide,doctor bladed,,,N3,I2-based,0.14,19.51,5.56,8.39,Random,Random
Fe2O3 & Ni,sputtered,reduced graphene oxide,doctor bladed,,,N3,I2-based,0.24,15.16,41.76,2.22,Random,Random
Fe2O3 & Ni,sputtered,reduced graphene oxide,doctor bladed,,,N3,I2-based,0.32,18.93,4.8,4.93,Random,Random
Fe2O3 & Ni,spin coated,N-doped ordered mesoporous carbon (NOMC),doctor bladed,,,N3,I2-based,0.5,5.62,2.98,6.7,Random,Random
C-np & Fe2O3 & Ni,spin coated,Ni encapsulated N-doped CNTs (Ni@NCNTs),doctor bladed,,,N3,I2-based,0.36,16.57,29.0,4.19,Random,Random
C-np & Fe2O3 & Ni,spin coated,Ni@NCNTs pinned on NOMC,doctor bladed,,,N3,I2-based,0.31,27.59,0.35,10.8,Random,Random
C-np & Fe2O3 & Ni,spin coated,Ni@NCNTs pinned on NOMC,spin coated,,,N3,I2-based,0.12,19.1,0.87,3.45,Random,Random
C-np & Fe2O3 & Ni,spin coated,Ni@NCNTs pinned on NOMC,spin coated,,,N3,I2-based,0.16,7.42,0.89,3.67,Random,Random
C-np & Fe2O3 & Ni,sputtered,Ni@NCNTs pinned on NOMC,doctor bladed,,,N3,I2-based,0.82,3.5,0.11,10.0,Random,Random
C-np & Fe2O3 & Ni,sputtered,ZIF-8 derived carbon,doctor bladed,,,N719,I2-based,0.2,5.99,0.71,3.74,Random,Random
C-np & Fe2O3 & Ni,sputtered,ZIF-8 derived carbon,doctor bladed,,,N719,I2-based,0.3,16.4,0.59,11.15,Random,Random
C-np & Fe2O3 & Ni,sputtered,ZIF-8 derived carbon,doctor bladed,,,N719,I2-based,0.13,21.67,0.83,4.87,Random,Random
C-np & Fe2O3 & Ni,sputtered,ZIF-8 derived carbon,doctor bladed,,,N719,I2-based,0.87,24.53,0.22,10.55,Random,Random
C-np & Fe2O3 & Ni,sputtered,PPy,screen printed,,,N719,I2-based,0.48,9.85,0.39,6.52,Random,Random
C-np & Fe2O3 & Ni,sonication,PPy-functionalized MWCNTs,screen printed,,,N719,I2-based,0.83,10.75,0.7,8.38,Random,Random
C-np & Fe2O3 & Ni,sonication,Cu-PPy-functionalized MWCNTs,screen printed,,,N719,I2-based,0.15,12.26,0.63,11.01,Random,Random
C-np & Fe2O3 & Ni,sonication,Co2P,dip coated,,,N719,I2-based,0.61,6.17,0.54,4.97,Random,Random
C-np & Fe2O3 & Ni,sonication,N-doped CNTs,dip coated,,,N719,I2-based,0.89,25.75,0.37,1.45,Random,Random
C-np & Fe2O3 & Ni,sonication,Co embedded N-doped CNTs,drop casted,,,N719,I2-based,0.7,19.4,0.83,4.4,Random,Random
C-np & Fe2O3 & Ni,synthesis,Co2P embedded N-doped CNTs,drop casted,,,N719,I2-based,0.84,3.36,0.79,2.23,Random,Random
C-np & Fe2O3 & Ni,synthesis,Ni2P embedded N-doped CNTs,drop casted,,,N719,Iodolyte AN-50,0.1,20.76,0.12,7.33,Random,Random
C-np & Fe2O3 & Ni,ultrasonic oscillator,MWCNT/TiO2,drop casted,,,N719,Iodolyte AN-50,0.74,23.12,0.87,5.94,Random,Random
C-np & Fe2O3 & Ni,ultrasonic oscillator,MWCNT/TiO2,doctor bladed,,,N719,Iodolyte AN-50,0.66,26.47,0.16,4.92,Random,Random
C-np & Fe2O3 & Ni,ultrasonic oscillator,MWCNT/TiO2,spin coated,,,N719,Iodolyte AN-50,0.87,23.0,0.44,2.71,Random,Random
C-np & Fe2O3 & Ni,doctor bladed,CNT-polyisobutylene (PIB)-ED2003-PIB/PtNPs,spin coated,,,N719,I2-based,0.58,3.03,0.38,1.07,Random,Random
C-np & Fe2O3 & Ni,doctor bladed,CNT-polyisobutylene (PIB)-ED2003-PIB/PtNPs,spin coated,,,N719,I2-based,0.73,25.86,0.43,5.62,Random,Random
C-np & Fe2O3 & Ni,doctor bladed,CNT-polyisobutylene (PIB)-ED2003-PIB/PtNPs,doctor bladed,,,N3,I2-based,0.32,16.16,0.78,5.92,Random,Random
C-np & Fe2O3 & Ni,doctor bladed,NiCo­2S4­,doctor bladed,,,N3,Iodolyte AN-50,0.4,7.27,0.82,11.61,Random,Random
C-np & Fe2O3 & Ni,spin coated,N-doped CNTs,doctor bladed,,,N3,Iodolyte AN-51,0.46,12.5,0.85,7.29,Random,Random
C-np & Fe2O3 & Ni,spin coated,NiCo2S4 QD@N-doped CNTs,doctor bladed,,,N3,Iodolyte AN-52,0.49,21.1,0.69,1.39,Random,Random
C-np & Fe2O3 & Ni,spin coated,N-doped porous carbon coated CoSe NPs embedded on N-doped CNTs,screen printing,,,N3,I2-based,0.85,22.39,0.71,3.95,Random,Random
C-np & Fe2O3 & Ni,doctor bladed,N-doped CNT coated polyhedrons,screen printing,,,N3,I2-based,0.21,4.37,0.85,9.14,Random,Random
C-np & Fe2O3 & Ni,doctor bladed,N-doped graphitic carbon (NGC) coated polyhedrons,screen printing,,,N3,I2-based,0.77,4.95,0.21,11.42,Random,Random
C-np & Fe2O3 & Ni,doctor bladed,CoTe2 powder,doctor bladed,,,N719,I2-based,0.73,12.79,0.56,3.79,Random,Random
C-np & Fe2O3 & Ni,dip coated,CoTe2 embedded N-doped CNT polyhedrons,doctor bladed,,,N719,I2-based,0.18,8.11,0.8,1.38,Random,Random
C-np & Fe2O3 & Ni,dip coated,CoTe2 embedded NGC polyhedrons,doctor bladed,,,N719,I2-based,0.71,6.8,0.55,5.11,Random,Random
C-np & Fe2O3 & Ni,dip coated,Rh HO-functionalized MWCNTs,spin coated,,,N719,I2-based,0.39,22.28,0.89,11.4,Random,Random
C-np & Fe2O3 & Ni,dip coated,Rh HO-functionalized MWCNTs,spin coated,,,N719,I2-based,0.89,6.89,0.28,1.87,Random,Random
C-np & Fe2O3 & Ni,dip coated,Rh-decorated HO-functionalized MWCNTs,spin coated,,,N719,I2-based,0.8,21.58,0.37,8.68,Random,Random
C-np & Fe2O3 & Ni,dip coated,MoS2 nanosheet reduced graphene oxide/CNT aerogel,spin coated,,,N719,PAN-based gel electrolyte,0.86,6.64,0.83,6.31,Random,Random
C-np & Fe2O3 & Ni,dip coated,organic N-doped MWCNTs,spin coated,,,N719,PAN-based gel electrolyte,0.29,26.03,0.79,6.67,Random,Random
C-np & Fe2O3 & Ni,dip coated,Co embedded N-doped CNTs,spin coated,,,N719,PAN-based gel electrolyte,0.48,8.11,0.39,9.15,Random,Random
C-np & Fe2O3 & Ni,dip coated,Co embedded N-doped CNTs,doctor bladed,,,N719,PAN-based gel electrolyte,0.19,3.76,0.69,6.25,Random,Random
C-np & Fe2O3 & Ni,dip coated,Co embedded N-doped CNTs,doctor bladed,,,N719,PAN-based gel electrolyte,0.61,10.65,0.9,11.45,Random,Random
C-np & Fe2O3 & Ni,dip coated,CuMnSnS4/CNT with flowerlike hierarchical structure,doctor bladed,,,N719,PAN-based gel electrolyte,0.14,9.03,0.49,1.93,Random,Random
C-np & Fe2O3 & Ni,dip coated,CuMnSnS4/CNT with flowerlike hierarchical structure,spin coated,,,N719,PAN-based gel electrolyte,0.79,12.19,0.32,7.57,Random,Random
C-np & Fe2O3 & Ni,sonication,Pt,spin coated,,,N719,PEO-based gel electrolyte,0.38,4.06,0.52,7.55,Random,Random
C-np & Fe2O3 & Ni,sonication,Pt,spin coated,,,N719,PEO-based gel electrolyte,0.79,8.48,0.67,2.3,Random,Random
C-np & Fe2O3 & Ni,sonication,Pt,spin coated,,,N719,I2-based,0.46,19.66,0.31,4.0,Random,Random
C-np & Fe2O3 & Ni,sonication,Pt,spin coated,,,N719,I2-based,0.46,3.65,0.18,1.99,Random,Random
C-np & Fe2O3 & Ni,sonication,Pt,spin coated & doctor bladed (2 layers),,,N719,I2-based,0.68,25.83,0.45,4.28,Random,Random
C-np & Fe2O3 & Ni,sonication,Pt,spin coated & doctor bladed (2 layers),,,N3,I2-based,0.22,19.2,0.28,8.24,Random,Random
C-np & Fe2O3 & Ni,synthesis,CoS2 embedded carbon nanocages,spin coated & doctor bladed (2 layers),,,N3,I2-based,0.25,12.01,0.53,4.77,Random,Random
C-np & Ni,synthesis,CoS2 embedded carbon nanocages,spin coated & doctor bladed (2 layers),,,N3,I2-based,0.73,27.15,0.16,1.08,Random,Random
C-np & Ni,synthesis,CoS2 embedded carbon nanocages,drop casted,,,N3,I2-based,0.72,10.47,0.88,3.24,Random,Random
C-np & Ni,synthesis,CoS2 embedded carbon nanocages,spin coated,,,N719,I2-based,0.56,18.81,0.24,4.49,Random,Random
C-np & Ni,synthesis,edge-selenated graphene nanoplatelets,doctor bladed,,,N719,I2-based,0.71,11.45,0.84,7.46,Random,Random
C-np & Ni,dip coated,edge-selenated graphene nanoplatelets,spin coated,,,N719,I2-based,0.76,22.53,0.45,11.58,Random,Random
C-np & Ni,dip coated,reduced graphene oxide,spin coated,,,N719,I2-based,0.24,27.27,0.49,1.41,Random,Random
C-np & Ni,dip coated,reduced graphene oxide,doctor blade,,,N719,I2-based,0.71,24.09,0.3,10.89,Random,Random
C-np & Ni,dip coated,reduced graphene oxide,sputtered,,,N719,I2-based,0.68,17.8,0.64,8.61,Random,Random
C-np & Ni,dip coated,N-doped ordered mesoporous carbon (NOMC),spin coated,,,N719,I2-based,0.29,15.74,0.81,8.78,Random,Random
C-np & Ni,sputtered,Ni encapsulated N-doped CNTs (Ni@NCNTs),spin coated,,,N719,I2-based,0.41,19.15,0.85,1.62,Random,Random
C-np & Ni,sputtered,Ni@NCNTs pinned on NOMC,drop casted,,,N719,I2-based,0.18,15.76,0.76,6.76,Random,Random
C-np & Ni,sputtered,Ni@NCNTs pinned on NOMC,spin coated,,,N719,I2-based,0.28,27.55,0.4,3.02,Random,Random
C-np & Ni,sputtered,Ni@NCNTs pinned on NOMC,spin coated,,,N719,I2-based,0.75,6.59,0.14,2.48,Random,Random
C-np & Ni,sputtered,Ni@NCNTs pinned on NOMC,spin coated,,,N719,I2-based,0.45,22.71,0.82,5.94,Random,Random
C-np & Ni,sputtered,ZIF-8 derived carbon,spin coated,,,N719,I2-based,0.15,20.71,0.82,2.68,Random,Random
C-np & Ni,sonication,ZIF-8 derived carbon,mechanochemical reaction,,,N719,I2-based,0.13,23.63,0.32,2.57,Random,Random
C-np & Ni,sonication,ZIF-8 derived carbon,mechanochemical reaction,,,N719,I2-based,0.79,13.29,0.41,5.54,Random,Random
C-np & Ni,sonication,ZIF-8 derived carbon,doctor bladed,,,N719,I2-based,0.52,19.37,0.47,4.06,Random,Random
C-np & Ni,sonication,Pt,doctor bladed,,,N719,I2-based,0.27,22.48,0.18,9.43,Random,Random
C-np & Ni,sonication,Pt,doctor bladed,,,N719,I2-based,0.62,24.85,0.45,7.78,Random,Random
C-np & Ni,synthesis,Pt,synthesis,,,N719,Iodolyte AN-50,0.11,4.49,0.83,11.32,Random,Random
C-np & Ni,synthesis,Pt,synthesis,,,N719,Iodolyte AN-50,0.53,14.19,0.71,10.85,Random,Random
C-np & Ni,ultrasonic oscillator,Pt,synthesis,,,N719,Iodolyte AN-50,0.22,7.51,0.48,7.61,Random,Random
C-np & Ni,ultrasonic oscillator,Pt,synthesis,,,N719,Iodolyte AN-50,0.36,11.48,0.58,10.27,Random,Random
C-np & Ni,ultrasonic oscillator,Pt,synthesis,,,N719,I2-based,0.61,11.82,0.77,11.39,Random,Random
C-np & Ni,doctor bladed,Pt,synthesis,,,N719,I2-based,0.45,20.15,0.67,8.67,Random,Random
C-np & Ni,doctor bladed,Pt,synthesis,,,N719,I2-based,0.87,21.38,0.11,8.18,Random,Random
C-np & Ni,drop casted,Pt,synthesis,,,N719,Iodolyte AN-50,0.3,6.62,0.23,5.26,Random,Random
C-np & Ni,drop casted,Pt,synthesis,,,N719,Iodolyte AN-51,0.72,8.79,0.6,2.63,Random,Random
C-np & Ni,spin coated,Pt,synthesis,,,N719,Iodolyte AN-52,0.62,23.82,0.21,11.61,Random,Random
C-np & Ni,doctor bladed,Pt,two step electrodeposition,,,N719,I2-based,0.49,15.17,0.6,3.16,Random,Random
C-np & Ni,spin coated,Pt,two step electrodeposition,,,N719,I2-based,0.67,7.71,0.67,5.52,Random,Random
C-np & Ni,spin coated,Pt,two step electrodeposition,,,N719,I2-based,0.35,25.89,0.2,8.71,Random,Random
C-np & Ni,doctor blade,Pt,trip-growth process,,,N719,I2-based,0.65,19.07,0.32,3.38,Random,Random
C-np & Ni,sputtered,Pt,trip-growth process,,,N3,I2-based,0.59,5.25,0.12,8.77,Random,Random
C-np & Ni,spin coated,Pt,trip-growth process,,,N3,I2-based,0.16,22.53,0.18,11.26,Random,Random
C-np & Ni,spin coated,Pt,trip-growth process,,,N3,I2-based,0.64,13.08,0.39,9.83,Random,Random
C-np & Ni,drop casted,Pt,trip-growth process,,,N3,I2-based,0.76,16.89,0.62,4.93,Random,Random
C-np & Ni,spin coated,Pt,dip coated,,,N3,I2-based,0.64,20.67,0.28,1.77,Random,Random
C-np & Ni,spin coated,Pt,dip coated,,,N3,PAN-based gel electrolyte,0.78,17.07,0.33,2.39,Random,Random
Nb2O3,spin coated,Pt,dip coated,,,N3,PAN-based gel electrolyte,0.81,12.43,0.16,3.34,Random,Random
Nb2O3,spin coated,Pt,ultrasonic oscillator,,,N3,PAN-based gel electrolyte,0.74,13.24,0.31,1.54,Random,Random
Nb2O3,mechanochemical reaction,Pt,ultrasonic oscillator,,,N3,PAN-based gel electrolyte,0.24,7.07,0.59,7.41,Random,Random
Nb2O3,mechanochemical reaction,Pt,ultrasonic oscillator,,,N3,PAN-based gel electrolyte,0.6,13.52,0.16,8.21,Random,Random
Nb2O3,doctor bladed,Pt,doctor bladed,,,N3,PAN-based gel electrolyte,0.25,7.89,0.23,6.89,Random,Random
Nb2O3,doctor bladed,Pt,doctor bladed,,,N3,PAN-based gel electrolyte,0.15,22.89,0.33,7.55,Random,Random
Nb2O3,doctor bladed,Pt,sputtered,,,N3,PEO-based gel electrolyte,0.84,10.11,0.58,6.34,Random,Random
Nb2O3,synthesis,N-doped CNT coated polyhedrons,sputtered,,,N3,PEO-based gel electrolyte,0.29,16.16,0.63,6.14,Random,Random
Nb2O3,synthesis,N-doped graphitic carbon (NGC) coated polyhedrons,sputtered,,,N3,I2-based,0.89,25.5,0.2,10.54,Random,Random
Nb2O3,synthesis,CoTe2 powder,sputtered,,,N3,I2-based,0.45,9.12,0.75,4.07,Random,Random
Nb2O3,synthesis,CoTe2 embedded N-doped CNT polyhedrons,sonication,,,N719,I2-based,0.41,27.21,0.58,11.91,Random,Random
Nb2O3,synthesis,CoTe2 embedded NGC polyhedrons,sonication,,,N719,I2-based,0.87,13.04,0.22,1.52,Random,Random
Nb2O3,synthesis,Rh HO-functionalized MWCNTs,sonication,,,N719,I2-based,0.78,25.57,0.48,5.22,Random,Random
Nb2O3,synthesis,Rh HO-functionalized MWCNTs,sonication,,,N719,I2-based,0.79,6.0,0.49,6.41,Random,Random
Nb2O3,synthesis,Rh-decorated HO-functionalized MWCNTs,sonication,,,N719,I2-based,0.74,27.45,0.82,3.12,Random,Random
Nb2O3,synthesis,MoS2 nanosheet reduced graphene oxide/CNT aerogel,synthesis,,,N719,I2-based,0.82,5.42,0.12,7.62,Random,Random
Nb2O3,synthesis,organic N-doped MWCNTs,synthesis,,,N719,I2-based,0.44,14.36,0.84,11.85,Random,Random
Nb2O3,two step electrodeposition,Co embedded N-doped CNTs,ultrasonic oscillator,,,N719,I2-based,0.31,26.18,0.76,9.48,Random,Random
Nb2O3,two step electrodeposition,Co embedded N-doped CNTs,ultrasonic oscillator,,,N719,I2-based,0.5,14.66,0.65,7.63,Random,Random
