﻿Photoanode,PA_Fabrication_Process,Counter_Electrode,CE_Fabrication_Process,Modification_Type,Value_Mod,Dye,Electrolyte,VOC (V),JSC (mA/cm2),FF,PCE (%),Ref.,Table,,,,,,,,,,,,,,,,
TiO2,dip coated,Pt,sputtered,,,N719,I2-based,0.77,9.21,0.66,4.65,[108],8,,,,,,,,,,,,,,,,
TiO2,spin coated,Pt,sputtered,,,N719,I2-based,0.73,10.65,0.66,5.09,[109],8,,,,,,,,,,,,,,,,
TiO2,doctor bladed,Pt,doctor bladed,,,N719,I2-based,0.72,14.03,0.65,6.49,[110],8,,,,,,,,,,,,,,,,
TiO2,doctor bladed,Pt,drop casted,,,N719,I2-based,0.74,19.98,0.47,7.00,[111],8,,,,,,,,,,,,,,,,
TiO2,screen printed,Pt,drop casted,,,N719,I2-based,0.74,14.41,0.67,7.09,[112],8,,,,,,,,,,,,,,,,
TiO2,screen printed,Pt,spin coated,,,N719,I2-based,0.74,14.41,0.67,7.09,[112],8,,,,,,,,,,,,,,,,
TiO2,doctor bladed,Pt,doctor bladed,,,N719,I2-based,0.71,14.78,0.69,7.39,[113],8,,,,,,,,,,,,,,,,
TiO2,spin coated,Pt,spin coated,,,N719,I2-based,0.77,14.92,0.65,7.49,[114],8,,,,,,,,,,,,,,,,
TiO2,screen printed,Pt,spin coated,,,N719,I2-based,0.73,14.90,0.69,7.54,[115],8,,,,,,,,,,,,,,,,
TiO2,doctor bladed,Pt,doctor blade,,,N719,I2-based,0.77,16.11,0.61,7.60,[116],8,,,,,,,,,,,,,,,,
TiO2,doctor bladed,Pt,sputtered,,,N719,I2-based,0.75,17.09,0.60,7.62,[117],8,,,,,,,,,,,,,,,,
TiO2,doctor bladed,Pt,spin coated,,,N719,I2-based,0.73,15.00,0.72,7.88,[118],8,,,,,,,,,,,,,,,,
TiO2,screen printed,Pt,spin coated,,,N719,I2-based,0.78,16.48,0.63,8.03,[119],8,,,,,,,,,,,,,,,,
TiO2,doctor bladed,Pt,drop casted,,,N719,I2-based,0.75,19.11,0.53,8.32,[120],8,,,,,,,,,,,,,,,,
TiO2,dip coated,CoS2 embedded carbon nanocages,spin coated,Sulfurizing time,1 h,N719,I2-based,0.76,12.10,0.64,5.87,[118],9,,,,,,,,,,,,,,,,
TiO2,dip coated,CoS2 embedded carbon nanocages,spin coated,Sulfurizing time,2 h,N719,I2-based,0.74,15.60,0.67,7.77,[118],9,,,,,,,,,,,,,,,,
TiO2,dip coated,CoS2 embedded carbon nanocages,spin coated,Sulfurizing time,4 h,N719,I2-based,0.73,16.90,0.66,8.20,[118],9,,,,,,,,,,,,,,,,
TiO2,dip coated,CoS2 embedded carbon nanocages,spin coated,Sulfurizing time,8 h,N719,I2-based,0.75,12.80,0.71,6.78,[118],9,,,,,,,,,,,,,,,,
TiO2,dip coated,edge-selenated graphene nanoplatelets,mechanochemical reaction,Electrolyte,"Co(2,2’-bipyridine)32+/3+",SM315,"Co(2,2’-bipyridine)32+/3+",0.88,16.27,0.77,10.98,[134],9,,,,,,,,,,,,,,,,
TiO2,dip coated,edge-selenated graphene nanoplatelets,mechanochemical reaction,Electrolyte,I-/I3-,N719,I2-based,0.69,18.16,0.73,9.17,[134],9,,,,,,,,,,,,,,,,
TiO2,dip coated,reduced graphene oxide,doctor bladed,,,N719,I2-based,0.71,17.86,0.57,7.25,[135],9,,,,,,,,,,,,,,,,
TiO2,dip coated,reduced graphene oxide,doctor bladed,Modification,with single-walled CNT,N719,I2-based,0.71,20.73,0.63,9.24,[135],9,,,,,,,,,,,,,,,,
TiO2,dip coated,reduced graphene oxide,doctor bladed,Modification,with single-walled CNT and mirror,N719,I2-based,0.76,20.76,0.67,10.56,[135],9,,,,,,,,,,,,,,,,
TiO2,dip coated,N-doped ordered mesoporous carbon (NOMC),synthesis,,,N719,I2-based,0.76,14.30,0.61,6.59,[116],9,,,,,,,,,,,,,,,,
TiO2,dip coated,Ni encapsulated N-doped CNTs (Ni@NCNTs),synthesis,,,N719,I2-based,0.72,14.76,0.58,6.20,[116],9,,,,,,,,,,,,,,,,
TiO2,dip coated,Ni@NCNTs pinned on NOMC,synthesis,Melamine Mass,2 g,N719,I2-based,0.77,15.52,0.61,7.31,[116],9,,,,,,,,,,,,,,,,
TiO2,dip coated,Ni@NCNTs pinned on NOMC,synthesis,Melamine Mass,4 g,N719,I2-based,0.78,16.02,0.63,7.94,[116],9,,,,,,,,,,,,,,,,
TiO2,dip coated,Ni@NCNTs pinned on NOMC,synthesis,Melamine Mass,8 g,N719,I2-based,0.78,16.91,0.64,8.39,[116],9,,,,,,,,,,,,,,,,
TiO2,dip coated,Ni@NCNTs pinned on NOMC,synthesis,Melamine Mass,12 g,N719,I2-based,0.77,16.54,0.61,7.71,[116],9,,,,,,,,,,,,,,,,
TiO2,dip coated,ZIF-8 derived carbon,synthesis,Furnace temperature,800°C,N719,I2-based,0.75,12.91,0.50,5.01,[66],9,,,,,,,,,,,,,,,,
TiO2,dip coated,ZIF-8 derived carbon,synthesis,Furnace temperature,900°C,N719,I2-based,0.76,13.22,0.68,7.00,[66],9,,,,,,,,,,,,,,,,
TiO2,dip coated,ZIF-8 derived carbon,synthesis,Furnace temperature,1000°C,N719,I2-based,0.77,13.56,0.68,7.32,[66],9,,,,,,,,,,,,,,,,
TiO2,dip coated,ZIF-8 derived carbon,synthesis,Furnace temperature,1100°C,N719,I2-based,0.79,13.41,0.61,6.45,[66],9,,,,,,,,,,,,,,,,
TiO2,doctor bladed,PPy,two step electrodeposition,,,N719,I2-based,0.59,9.83,0.53,3.04,[136],9,,,,,,,,,,,,,,,,
TiO2,doctor bladed,PPy-functionalized MWCNTs,two step electrodeposition,,,N719,I2-based,0.78,10.27,0.68,5.49,[136],9,,,,,,,,,,,,,,,,
TiO2,doctor bladed,Cu-PPy-functionalized MWCNTs,two step electrodeposition,,,N719,I2-based,0.72,14.17,0.70,7.10,[136],9,,,,,,,,,,,,,,,,
TiO2,doctor bladed,Co2P,trip-growth process,,,N719,I2-based,0.75,14.12,0.61,6.44,[130],9,,,,,,,,,,,,,,,,
TiO2,doctor bladed,N-doped CNTs,trip-growth process,,,N719,I2-based,0.74,13.58,0.59,5.95,[130],9,,,,,,,,,,,,,,,,
TiO2,doctor bladed,Co embedded N-doped CNTs,trip-growth process,,,N719,I2-based,0.75,15.30,0.61,6.98,[130],9,,,,,,,,,,,,,,,,
TiO2,doctor bladed,Co2P embedded N-doped CNTs,trip-growth process,,,N719,I2-based,0.77,18.29,0.69,9.76,[130],9,,,,,,,,,,,,,,,,
TiO2,doctor bladed,Ni2P embedded N-doped CNTs,trip-growth process,,,N719,I2-based,0.77,17.91,0.67,9.21,[130],9,,,,,,,,,,,,,,,,
TiO2,dip coated,MWCNT/TiO2,dip coated,MWCNT wt%,0.02,N3,Iodolyte Z-50,0.74,17.75,57.46,7.53,[137],9,,,,,,,,,,,,,,,,
TiO2,dip coated,MWCNT/TiO2,dip coated,MWCNT wt%,0.04,N3,Iodolyte Z-50,0.74,20.81,56.49,8.81,[137],9,,,,,,,,,,,,,,,,
TiO2,dip coated,MWCNT/TiO2,dip coated,MWCNT wt%,0.06,N3,Iodolyte Z-50,0.74,15.68,55.46,6.56,[137],9,,,,,,,,,,,,,,,,
TiO2,doctor bladed,CNT-polyisobutylene (PIB)-ED2003-PIB/PtNPs,ultrasonic oscillator,Ratio,"""100/1""",TiO2,I2-based,0.64,11.49,0.64,4.67,[138],9,,,,,,,,,,,,,,,,
TiO2,doctor bladed,CNT-polyisobutylene (PIB)-ED2003-PIB/PtNPs,ultrasonic oscillator,Ratio,"""10/1""",TiO2,I2-based,0.66,15.78,0.69,7.19,[138],9,,,,,,,,,,,,,,,,
TiO2,doctor bladed,CNT-polyisobutylene (PIB)-ED2003-PIB/PtNPs,ultrasonic oscillator,Ratio,"""5/1""",TiO2,I2-based,0.68,17.50,0.71,8.45,[138],9,,,,,,,,,,,,,,,,
TiO2,doctor bladed,NiCo­2S4­,doctor bladed,,,N719,I2-based,0.71,13.57,0.56,5.43,[113],9,,,,,,,,,,,,,,,,
TiO2,doctor bladed,N-doped CNTs,doctor bladed,,,N719,I2-based,0.72,12.83,0.40,3.74,[113],9,,,,,,,,,,,,,,,,
TiO2,doctor bladed,NiCo2S4 QD@N-doped CNTs,doctor bladed,,,N719,I2-based,0.72,15.34,0.69,7.65,[113],9,,,,,,,,,,,,,,,,
TiO2,doctor bladed,N-doped porous carbon coated CoSe NPs embedded on N-doped CNTs,doctor bladed,,,N719,I2-based,0.71,16.00,0.67,7.58,[139],9,,,,,,,,,,,,,,,,
TiO2,screen printed,N-doped CNT coated polyhedrons,spin coated,,,N719,I2-based,0.76,13.11,0.62,6.18,[119],9,,,,,,,,,,,,,,,,
TiO2,screen printed,N-doped graphitic carbon (NGC) coated polyhedrons,spin coated,,,N719,I2-based,0.75,12.01,0.65,5.82,[119],9,,,,,,,,,,,,,,,,
TiO2,screen printed,CoTe2 powder,spin coated,,,N719,I2-based,0.76,14.23,0.67,7.19,[119],9,,,,,,,,,,,,,,,,
TiO2,screen printed,CoTe2 embedded N-doped CNT polyhedrons,spin coated,,,N719,I2-based,0.79,17.89,0.64,9.02,[119],9,,,,,,,,,,,,,,,,
TiO2,screen printed,CoTe2 embedded NGC polyhedrons,spin coated,,,N719,I2-based,0.79,16.65,0.65,8.55,[119],9,,,,,,,,,,,,,,,,
TiO2,doctor bladed,Rh HO-functionalized MWCNTs,drop casted,,,N719,I2-based,0.70,21.12,0.46,6.70,[111],9,,,,,,,,,,,,,,,,
TiO2,doctor bladed,Rh HO-functionalized MWCNTs,drop casted,,,N719,I2-based,0.64,20.18,0.53,6.90,[111],9,,,,,,,,,,,,,,,,
TiO2,doctor bladed,Rh-decorated HO-functionalized MWCNTs,drop casted,,,N719,I2-based,0.69,27.29,0.58,11.00,[111],9,,,,,,,,,,,,,,,,
TiO2,dip coated,MoS2 nanosheet reduced graphene oxide/CNT aerogel,drop casted,,,N719,I2-based,0.74,18.14,0.60,8.01,[140],9,,,,,,,,,,,,,,,,
TiO2,doctor bladed,organic N-doped MWCNTs,doctor bladed,,,N719,I2-based,0.75,15.68,0.81,9.55,[141],9,,,,,,,,,,,,,,,,
TiO2,screen printed,Co embedded N-doped CNTs,spin coated,Furnace temperature,700°,N719,I2-based,0.72,15.44,0.71,7.92,[115],9,,,,,,,,,,,,,,,,
TiO2,screen printed,Co embedded N-doped CNTs,spin coated,Furnace temperature,800°,N719,I2-based,0.72,15.87,0.71,8.18,[115],9,,,,,,,,,,,,,,,,
TiO2,screen printed,Co embedded N-doped CNTs,spin coated,Furnace temperature,900°,N719,I2-based,0.73,14.04,0.71,7.22,[115],9,,,,,,,,,,,,,,,,
TiO2,doctor bladed,CuMnSnS4/CNT with flowerlike hierarchical structure, electrodepositing,CNT content,0.00 g,N719,I2-based,0.69,12.83,0.70,6.21,[142],9,,,,,,,,,,,,,,,,
TiO2,doctor bladed,CuMnSnS4/CNT with flowerlike hierarchical structure, electrodepositing,CNT content,0.01   g,N719,I2-based,0.71,13.63,0.71,6.84,[142],9,,,,,,,,,,,,,,,,
TiO2,doctor bladed,CuMnSnS4/CNT with flowerlike hierarchical structure, electrodepositing,CNT content,0.03 g,N719,I2-based,0.73,14.53,0.69,7.31,[142],9,,,,,,,,,,,,,,,,
TiO2,doctor bladed,CuMnSnS4/CNT with flowerlike hierarchical structure, electrodepositing,CNT content,0.05 g,N719,I2-based,0.75,16.53,0.72,8.97,[142],9,,,,,,,,,,,,,,,,
TiO2,doctor bladed,CuMnSnS4/CNT with flowerlike hierarchical structure, electrodepositing,CNT content,0.07 g,N719,I2-based,0.75,15.78,0.71,8.42,[142],9,,,,,,,,,,,,,,,,
TiO2,doctor bladed,CuMnSnS4/CNT with flowerlike hierarchical structure, electrodepositing,CNT content,0.09 g,N719,I2-based,0.75,15.34,0.61,7.04,[142],9,,,,,,,,,,,,,,,,
TiO2,doctor bladed,CNT/VS2 nanofiber,doctor bladed,CNT content,0.00 g,N719,I2-based,0.73,13.65,0.63,6.22,[110],9,,,,,,,,,,,,,,,,
TiO2,doctor bladed,CNT/VS2 nanofiber,doctor bladed,CNT content,0.01 g,N719,I2-based,0.72,13.37,0.63,6.05,[110],9,,,,,,,,,,,,,,,,
TiO2,doctor bladed,CNT/VS2 nanofiber,doctor bladed,CNT content,0.03 g,N719,I2-based,0.73,14.09,0.63,6.42,[110],9,,,,,,,,,,,,,,,,
TiO2,doctor bladed,CNT/VS2 nanofiber,doctor bladed,CNT content,0.05 g,N719,I2-based,0.76,15.57,0.68,8.02,[110],9,,,,,,,,,,,,,,,,
TiO2,doctor bladed,CNT/VS2 nanofiber,doctor bladed,CNT content,0.07 g,N719,I2-based,0.74,14.89,0.63,6.88,[110],9,,,,,,,,,,,,,,,,
TiO2,doctor bladed,CNT/VS2 nanofiber,doctor bladed,CNT content,0.09 g,N719,I2-based,0.73,14.58,0.62,6.63,[110],9,,,,,,,,,,,,,,,,
TiO2,spin coated,MoS2/MWCNT,spin coated,MWCNT content,0 mg,N719,I2-based,0.71,13.52,0.57,5.41,[114],9,,,,,,,,,,,,,,,,
TiO2,spin coated,MoS2/MWCNT,spin coated,MWCNT content,1.2 mg,N719,I2-based,0.73,14.93,0.57,6.16,[114],9,,,,,,,,,,,,,,,,
TiO2,spin coated,MoS2/MWCNT,spin coated,MWCNT content,3.6 mg,N719,I2-based,0.73,15.76,0.59,6.90,[114],9,,,,,,,,,,,,,,,,
TiO2,spin coated,MoS2/MWCNT,spin coated,MWCNT content,6.0 mg,N719,I2-based,0.74,16.71,0.61,7.50,[114],9,,,,,,,,,,,,,,,,
TiO2,spin coated,MoS2/MWCNT,spin coated,MWCNT content,8.4 mg,N719,I2-based,0.73,12.78,0.56,5.21,[114],9,,,,,,,,,,,,,,,,
TiO2,doctor bladed,MoWO4 with ZnO nanoflowers embedded on MWCNTs,sonication,MWCNT wt%,0.005,N719,I2-based,0.79,11.27,0.60,7.25,[143],9,,,,,,,,,,,,,,,,
TiO2,doctor bladed,MoWO4 with ZnO nanoflowers embedded on MWCNTs,sonication,MWCNT wt%,0.01,N719,I2-based,0.79,12.53,0.61,8.19,[143],9,,,,,,,,,,,,,,,,
TiO2,doctor bladed,MoWO4 with ZnO nanoflowers embedded on MWCNTs,sonication,MWCNT wt%,0.015,N719,I2-based,0.78,19.16,0.66,9.96,[143],9,,,,,,,,,,,,,,,,
TiO2,doctor bladed,MoSe2-NiSe2 nanotubes embedded on CNTs,drop casted,,,N719,I2-based,0.76,19.64,0.55,8.78,[120],9,,,,,,,,,,,,,,,,
TiO2,doctor bladed,CoNi alloy NPs embedded on N-doped porous carbon,spin coated,,,N719,I2-based,0.81,15.43,0.71,8.85,[144],9,,,,,,,,,,,,,,,,
TiO2,screen printed,La0.9Ce0.1NiO3 (L)@ functionalized MWCNT-ZnSe-CoSe2 (F)@carbon black (CB),spin coated,L:F:CB mass ratio,0.044456019,N719,I2-based,0.75,15.42,0.60,6.97,[112],9,,,,,,,,,,,,,,,,
TiO2,screen printed,La0.9Ce0.1NiO3 (L)@ functionalized MWCNT-ZnSe-CoSe2 (F)@carbon black (CB),spin coated,L:F:CB mass ratio,1.5:3:1.5,N719,I2-based,0.75,16.22,0.61,7.49,[112],9,,,,,,,,,,,,,,,,
TiO2,screen printed,La0.9Ce0.1NiO3 (L)@ functionalized MWCNT-ZnSe-CoSe2 (F)@carbon black (CB),spin coated,L:F:CB mass ratio,0.08474537,N719,I2-based,0.76,15.78,0.56,6.73,[112],9,,,,,,,,,,,,,,,,
graphene nanoribbons/TiO3,dip coated,Pt/PtOx-sputtered FTO (Pt film thickness: 5 nm),sputtered,Carbonaceous content (wt%),0.005,N719,I2-based,0.75,12.17,0.69,6.23,[108],11,,,,,,,,,,,,,,,,
few layer graphene/TiO2,dip coated,Pt/PtOx-sputtered FTO (Pt film thickness: 5 nm),sputtered,Carbonaceous content (wt%),0.01,N719,I2-based,0.74,10.73,0.71,5.64,[108],11,,,,,,,,,,,,,,,,
CNT/TiO2,drop casted,Pt,spin coated,CNT wt%,0.0016,N719,I2-based,0.68,3.60,0.53,1.29,[147],11,,,,,,,,,,,,,,,,
CNT/TiO2,drop casted,Pt,spin coated,CNT wt%,0.0032,N719,I2-based,0.68,10.12,0.56,3.85,[147],11,,,,,,,,,,,,,,,,
CNT/TiO2,drop casted,Pt,spin coated,CNT wt%,0.0064,N719,I2-based,0.69,5.82,0.52,2.18,[147],11,,,,,,,,,,,,,,,,
CNT/TiO2,drop casted,Pt,spin coated,CNT wt%,0.0128,N719,I2-based,0.68,4.44,0.55,1.66,[147],11,,,,,,,,,,,,,,,,
CNT/TiO2 nanofiber,doctor bladed,Pt,spin coated,,,N719,I2-based,0.72,12.65,0.53,4.83,[148],11,,,,,,,,,,,,,,,,
MWCNT/TiO2,spin coated,Pt,sputtered,,,N719,I2-based,0.73,11.65,0.68,5.75,[109],11,,,,,,,,,,,,,,,,
AuNP/TiO2,spin coated,Pt,sputtered,,,N719,I2-based,0.73,11.52,0.66,5.55,[109],11,,,,,,,,,,,,,,,,
AuNP/MWCNT/TiO2,spin coated,Pt,sputtered,,,N719,I2-based,0.73,12.71,0.71,6.61,[109],11,,,,,,,,,,,,,,,,
graphitic carbon nitride (g-C3N4) nanosheets laminated TiO2-B nanowires,doctor bladed,Pt,sputtered,melamine:TiO2 weight ratio,0,N3,Iodolyte AN-50,0.65,10.22,0.56,3.71,[149],11,,,,,,,,,,,,,,,,
graphitic carbon nitride (g-C3N4) nanosheets laminated TiO2-B nanowires,doctor bladed,Pt,sputtered,melamine:TiO2 weight ratio,0.5,N3,Iodolyte AN-50,0.67,10.92,0.58,4.24,[149],11,,,,,,,,,,,,,,,,
graphitic carbon nitride (g-C3N4) nanosheets laminated TiO2-B nanowires,doctor bladed,Pt,sputtered,melamine:TiO2 weight ratio,1,N3,Iodolyte AN-50,0.69,12.07,0.61,5.12,[149],11,,,,,,,,,,,,,,,,
graphitic carbon nitride (g-C3N4) nanosheets laminated TiO2-B nanowires,doctor bladed,Pt,sputtered,melamine:TiO2 weight ratio,1.5,N3,Iodolyte AN-50,0.65,8.64,0.54,3.04,[149],11,,,,,,,,,,,,,,,,
graphitic thin film/TiO2,screen printing,Pt,drop casted,Graphitic layer location,lower,N719,I2-based,0.79,6.94,0.68,3.71,[150],11,,,,,,,,,,,,,,,,
graphitic thin film/TiO2,screen printing,Pt,drop casted,Graphitic layer location,upper,N719,I2-based,0.78,8.96,0.70,4.91,[150],11,,,,,,,,,,,,,,,,
graphitic thin film/TiO2,screen printing,Pt,drop casted,Graphitic layer location,both,N719,I2-based,0.79,9.35,0.71,5.21,[150],11,,,,,,,,,,,,,,,,
Co/TiO2,doctor bladed,Pt,doctor bladed,,,N719,Iodolyte AN-50,0.58,10.39,0.60,4.09,[152],11,,,,,,,,,,,,,,,,
reduced graphene oxide/TiO2,doctor bladed,Pt,doctor bladed,,,N719,Iodolyte AN-51,0.60,11.97,0.60,4.43,[152],11,,,,,,,,,,,,,,,,
Co/reduced graphene oxide/TiO2,doctor bladed,Pt,doctor bladed,,,N719,Iodolyte AN-52,0.62,12.83,0.59,5.24,[152],11,,,,,,,,,,,,,,,,
reduced graphene/TiO2,spin coated,Pt,doctor bladed,Reduced graphene mass,0 mg,N719,I2-based,0.76,11.84,0.71,6.39,[153],11,,,,,,,,,,,,,,,,
reduced graphene/TiO2,spin coated,Pt,doctor bladed,Reduced graphene mass,5 mg,N719,I2-based,0.77,13.02,0.68,6.82,[153],11,,,,,,,,,,,,,,,,
reduced graphene/TiO2,spin coated,Pt,doctor bladed,Reduced graphene mass,8 mg,N719,I2-based,0.76,14.37,0.69,7.52,[153],11,,,,,,,,,,,,,,,,
reduced graphene/TiO2,spin coated,Pt,doctor bladed,Reduced graphene mass,10 mg,N719,I2-based,0.75,12.56,0.69,6.54,[153],11,,,,,,,,,,,,,,,,
reduced graphene/TiO2,spin coated,Pt,doctor bladed,Reduced graphene mass,12 mg,N719,I2-based,0.76,11.28,0.69,5.93,[153],11,,,,,,,,,,,,,,,,
reduced graphene/TiO2,spin coated,Pt,doctor bladed,Reduced graphene mass,15 mg,N719,I2-based,0.76,10.52,0.69,5.46,[153],11,,,,,,,,,,,,,,,,
carbon fiber/TiO2,doctor bladed,Pt,doctor bladed,,,N719,I2-based,0.67,14.45,0.63,6.06,[158],11,,,,,,,,,,,,,,,,
Ag@TiO2 core-shell spheres,doctor bladed,Pt,doctor bladed,,,N719,I2-based,0.68,15.33,0.63,6.59,[158],11,,,,,,,,,,,,,,,,
carbon fiber/TiO2-Ag@TiO2,doctor bladed,Pt,doctor bladed,,,N719,I2-based,0.68,16.51,0.66,7.35,[158],11,,,,,,,,,,,,,,,,
TiO2,spin coated,Pt,dip coated,CNT wt%,0,N719,PAN-based gel electrolyte,0.65,10.51,0.69,4.74,[159],12,,,,,,,,,,,,,,,,
TiO2,spin coated,Pt,dip coated,CNT wt%,0.03,N719,PAN-based gel electrolyte,0.59,13.76,0.61,4.91,[159],12,,,,,,,,,,,,,,,,
TiO2,spin coated,Pt,dip coated,CNT wt%,0.05,N719,PAN-based gel electrolyte,0.59,13.88,0.68,5.56,[159],12,,,,,,,,,,,,,,,,
TiO2,spin coated,Pt,dip coated,CNT wt%,0.07,N719,PAN-based gel electrolyte,0.53,19.33,0.65,6.63,[159],12,,,,,,,,,,,,,,,,
TiO2,spin coated,Pt,dip coated,CNT wt%,0.09,N719,PAN-based gel electrolyte,0.54,21.88,0.62,7.36,[159],12,,,,,,,,,,,,,,,,
TiO2,spin coated & doctor bladed (2 layers),Pt,dip coated,CNT wt%,0.11,N719,PAN-based gel electrolyte,0.65,22.02,0.62,8.87,[159],12,,,,,,,,,,,,,,,,
TiO2,spin coated & doctor bladed (2 layers),Pt,dip coated,CNT wt%,0.13,N719,PAN-based gel electrolyte,0.64,12.99,0.62,5.15,[159],12,,,,,,,,,,,,,,,,
TiO2,spin coated & doctor bladed (2 layers),Pt,dip coated,MWCNT wt%,0,N719,PEO-based gel electrolyte,0.59,6.35,0.65,2.45,[160],12,,,,,,,,,,,,,,,,
TiO2,spin coated & doctor bladed (2 layers),Pt,dip coated,MWCNT wt%,0.01,N719,PEO-based gel electrolyte,0.60,13.23,0.68,5.42,[160],12,,,,,,,,,,,,,,,,
TiO2,spin coated & doctor bladed (2 layers),Pt,dip coated,MWCNT wt%,0.03,N719,PEO-based gel electrolyte,0.60,16.12,0.67,6.53,[160],12,,,,,,,,,,,,,,,,
TiO2,spin coated & doctor bladed (2 layers),Pt,dip coated,MWCNT wt%,0.05,N719,PEO-based gel electrolyte,0.58,18.47,0.62,6.61,[160],12,,,,,,,,,,,,,,,,
TiO2,spin coated & doctor bladed (2 layers),Pt,dip coated,MWCNT wt%,0.07,N719,PEO-based gel electrolyte,0.59,18.64,0.66,7.23,[160],12,,,,,,,,,,,,,,,,
TiO2,doctor bladed,AC-decorated functionalized MWCNTs,sonication,MWCNT: AC mass ratio,0.5:0.0,N719,PEO-based gel electrolyte,0.70,13.20,0.70,6.50,[162],12,,,,,,,,,,,,,,,,
TiO2,doctor bladed,AC-decorated functionalized MWCNTs,sonication,MWCNT: AC mass ratio,0.0:0.5,N719,PEO-based gel electrolyte,0.68,12.30,0.59,4.93,[162],12,,,,,,,,,,,,,,,,
TiO2,doctor bladed,AC-decorated functionalized MWCNTs,sonication,MWCNT: AC mass ratio,0.5:0.25,N719,PEO-based gel electrolyte,0.71,15.60,0.71,7.84,[162],12,,,,,,,,,,,,,,,,
TiO2,doctor bladed,AC-decorated functionalized MWCNTs,sonication,MWCNT: AC mass ratio,0.5:0.5,N719,PEO-based gel electrolyte,0.71,15.90,0.74,8.42,[162],12,,,,,,,,,,,,,,,,
TiO2,doctor bladed,AC-decorated functionalized MWCNTs,sonication,MWCNT: AC mass ratio,0.5:0.75,N719,PEO-based gel electrolyte,0.71,14.60,0.73,7.55,[162],12,,,,,,,,,,,,,,,,
TiO2,doctor bladed,AC-decorated functionalized MWCNTs,sonication,MWCNT: AC mass ratio,0.5:1.0,N719,PEO-based gel electrolyte,0.70,14.60,0.71,7.27,[162],12,,,,,,,,,,,,,,,,
TiO2,synthesis,AC-doped MWCNTs,synthesis,AC wt%,0,N719,PEO-based gel electrolyte,0.70,14.18,0.72,7.16,[163],12,,,,,,,,,,,,,,,,
TiO2,synthesis,AC-doped MWCNTs,synthesis,AC wt%,0.004,N719,PEO-based gel electrolyte,0.73,14.94,0.81,8.82,[163],12,,,,,,,,,,,,,,,,
TiO2,synthesis,AC-doped MWCNTs,synthesis,AC wt%,0.008,N719,PEO-based gel electrolyte,0.75,16.07,0.83,10.05,[163],12,,,,,,,,,,,,,,,,
TiO2,synthesis,AC-doped MWCNTs,synthesis,AC wt%,0.016,N719,PEO-based gel electrolyte,0.75,15.68,0.81,9.52,[163],12,,,,,,,,,,,,,,,,
TiO2,synthesis,AC-doped MWCNTs,synthesis,AC wt%,0.032,N719,PEO-based gel electrolyte,0.70,14.58,0.77,7.81,[163],12,,,,,,,,,,,,,,,,
,,,,,,,,,,,,,,,,,,,,,,,,,,,,,
,,,,,,,,,,,,,,,,,,,,,,,,,,,,,
,,,,,,,,,,,,,,,,,,,,,,,,,,,,,
,,,,,,,,,,,,,,,,,,,,,,,,,,,,,
,,,,,,,,,,,,,,,,,,,,,,,,,,,,,
,,,,,,,,,,,,,,,,,,,,,,,,,,,,,
,,,,,,,,,,,,,,,,,,,,,,,,,,,,,
,,,,,,,,,,,,,,,,,,,,,,,,,,,,,
,,,,,,,,,,,,,,,,,,,,,,,,,,,,,
,,,,,,,,,,,,,,,,,,,,,,,,,,,,,
,,,,,,,,,,,,,,,,,,,,,,,,,,,,,
,,,,,,,,,,,,,,,,,,,,,,,,,,,,,
,,,,,,,,,,,,,,,,,,,,,,,,,,,,,
,,,,,,,,,,,,,,,,,,,,,,,,,,,,,
,,,,,,,,,,,,,,,,,,,,,,,,,,,,,
,,,,,,,,,,,,,,,,,,,,,,,,,,,,,
,,,,,,,,,,,,,,,,,,,,,,,,,,,,,
,,,,,,,,,,,,,,,,,,,,,,,,,,,,,
,,,,,,,,,,,,,,,,,,,,,,,,,,,,,
,,,,,,,,,,,,,,,,,,,,,,,,,,,,,
,,,,,,,,,,,,,,,,,,,,,,,,,,,,,
,,,,,,,,,,,,,,,,,,,,,,,,,,,,,
,,,,,,,,,,,,,,,,,,,,,,,,,,,,,
,,,,,,,,,,,,,,,,,,,,,,,,,,,,,
,,,,,,,,,,,,,,,,,,,,,,,,,,,,,
,,,,,,,,,,,,,,,,,,,,,,,,,,,,,
